;;TSS;strand;sequence type;gene;alternative_promoters;Gene.name;CCAAT-box
NC_000067.6;TSS;4493608;-;1;Sox17_1;1;Sox17;CCAAT-box
NC_000067.6;TSS;7088984;+;1;Pcmtd1_1;1;Pcmtd1;CCAAT-box
NC_000067.6;TSS;7089169;+;1;Pcmtd1_2;2;Pcmtd1;CCAAT-box
NC_000067.6;TSS;16619289;-;1;Ube2w_1;1;Ube2w;CCAAT-box
NC_000067.6;TSS;33839012;-;1;Gm15455_1;1;Gm15455;CCAAT-box
NC_000067.6;TSS;33908179;+;1;Dst_3;3;Dst;CCAAT-box
NC_000067.6;TSS;34160260;+;1;Dst_2;2;Dst;CCAAT-box
NC_000067.6;TSS;34678188;+;1;AK082264_1;1;AK082264;CCAAT-box
NC_000067.6;TSS;52233218;-;1;Gls_1;1;Gls;CCAAT-box
NC_000067.6;TSS;64532848;+;1;Creb1_1;1;Creb1;CCAAT-box
NC_000067.6;TSS;66322001;+;1;Map2_3;3;Map2;CCAAT-box
NC_000067.6;TSS;67038842;-;1;Lancl1_1;1;Lancl1;CCAAT-box
NC_000067.6;TSS;71653172;-;1;Fn1_1;1;Fn1;CCAAT-box
NC_000067.6;TSS;74284674;-;1;Aamp_1;1;Aamp;CCAAT-box
NC_000067.6;TSS;74854938;+;1;Cdk5r2_1;1;Cdk5r2;CCAAT-box
NC_000067.6;TSS;77515087;-;1;Epha4_1;1;Epha4;CCAAT-box
NC_000067.6;TSS;86526721;+;1;Ptma_1;1;Ptma;CCAAT-box
NC_000067.6;TSS;92180299;-;1;Hdac4_1;1;Hdac4;CCAAT-box
NC_000067.6;TSS;93512112;+;1;Farp2_1;1;Farp2;CCAAT-box
NC_000067.6;TSS;128103346;+;1;R3hdm1_1;1;R3hdm1;CCAAT-box
NC_000067.6;TSS;128141958;+;1;R3hdm1_2;2;R3hdm1;CCAAT-box
NC_000067.6;TSS;132880355;+;1;Lrrn2_1;1;Lrrn2;CCAAT-box
NC_000067.6;TSS;133246097;+;1;Plekha6_1;1;Plekha6;CCAAT-box
NC_000067.6;TSS;135430436;-;1;Ipo9_1;1;Ipo9;CCAAT-box
NC_000067.6;TSS;150993435;-;1;Hmcn1_1;1;Hmcn1;CCAAT-box
NC_000067.6;TSS;153899946;+;1;Glul_1;1;Glul;CCAAT-box
NC_000067.6;TSS;155099632;-;1;Ier5_1;1;Ier5;CCAAT-box
NC_000067.6;TSS;164307471;-;1;Blzf1_1;1;Blzf1;CCAAT-box
NC_000067.6;TSS;164307726;+;1;Nme7_1;1;Nme7;CCAAT-box
NC_000067.6;TSS;164458356;-;1;Atp1b1_1;1;Atp1b1;CCAAT-box
NC_000067.6;TSS;170174789;-;1;Uap1_2;2;Uap1;CCAAT-box
NC_000067.6;TSS;171222448;-;1;Tomm40l_1;1;Tomm40l;CCAAT-box
NC_000067.6;TSS;171345699;+;1;Pfdn2_1;1;Pfdn2;CCAAT-box
NC_000067.6;TSS;172206708;-;1;Pea15a_1;1;Pea15a;CCAAT-box
NC_000067.6;TSS;174501838;+;1;Fmn2_1;1;Fmn2;CCAAT-box
NC_000067.6;TSS;180813561;-;1;H3f3a_1;1;H3f3a;CCAAT-box
NC_000067.6;TSS;181842352;-;1;Lbr_1;1;Lbr;CCAAT-box
NC_000067.6;TSS;191397033;-;1;Ppp2r5a_1;1;Ppp2r5a;CCAAT-box
NC_000067.6;TSS;191906815;+;1;Slc30a1_1;1;Slc30a1;CCAAT-box
NC_000068.7;TSS;16356340;+;1;Plxdc2_1;1;Plxdc2;CCAAT-box
NC_000068.7;TSS;18339107;-;1;Dnajc1_1;1;Dnajc1;CCAAT-box
NC_000068.7;TSS;23069449;+;1;Acbd5_3;3;Acbd5;CCAAT-box
NC_000068.7;TSS;24763171;-;1;Cacna1b_1;1;Cacna1b;CCAAT-box
NC_000068.7;TSS;24975024;-;1;Mrpl41_1;1;Mrpl41;CCAAT-box
NC_000068.7;TSS;25365624;-;1;Uap1l1_1;1;Uap1l1;CCAAT-box
NC_000068.7;TSS;29889820;+;1;Odf2_1;1;Odf2;CCAAT-box
NC_000068.7;TSS;30066523;+;1;Set_1;1;Set;CCAAT-box
NC_000068.7;TSS;32288036;-;1;Swi5_1;1;Swi5;CCAAT-box
NC_000068.7;TSS;34772092;+;1;Hspa5_1;1;Hspa5;CCAAT-box
NC_000068.7;TSS;37677899;-;1;Strbp_2;2;Strbp;CCAAT-box
NC_000068.7;TSS;37703314;-;1;Strbp_1;1;Strbp;CCAAT-box
NC_000068.7;TSS;39005125;-;1;Rpl35_1;1;Rpl35;CCAAT-box
NC_000068.7;TSS;39190731;-;1;Scai_1;1;Scai;CCAAT-box
NC_000068.7;TSS;45103549;-;1;Zeb2_2;2;Zeb2;CCAAT-box
NC_000068.7;TSS;52558560;-;1;Cacnb4_2;2;Cacnb4;CCAAT-box
NC_000068.7;TSS;62664327;+;1;Gca_1;1;Gca;CCAAT-box
NC_000068.7;TSS;69862178;+;1;Ssb_2;2;Ssb;CCAAT-box
NC_000068.7;TSS;70682982;+;1;Gorasp2_2;2;Gorasp2;CCAAT-box
NC_000068.7;TSS;72980460;-;1;Sp3_1;1;Sp3;CCAAT-box
NC_000068.7;TSS;73660385;-;1;Chn1_2;2;Chn1;CCAAT-box
NC_000068.7;TSS;84650724;-;1;Ctnnd1_1;1;Ctnnd1;CCAAT-box
NC_000068.7;TSS;84678066;-;1;Tmx2_1;1;Tmx2;CCAAT-box
NC_000068.7;TSS;90479173;-;1;Ptprj_2;2;Ptprj;CCAAT-box
NC_000068.7;TSS;94438132;-;1;Api5_1;1;Api5;CCAAT-box
NC_000068.7;TSS;105675643;+;1;Pax6_2;2;Pax6;CCAAT-box
NC_000068.7;TSS;110950261;-;1;Ano3_1;1;Ano3;CCAAT-box
NC_000068.7;TSS;118779749;+;1;Disp2_1;1;Disp2;CCAAT-box
NC_000068.7;TSS;120563831;-;1;Zfp106_1;1;Zfp106;CCAAT-box
NC_000068.7;TSS;121187441;+;1;Tubgcp4_2;2;Tubgcp4;CCAAT-box
NC_000068.7;TSS;121295463;+;1;Map1a_1;1;Map1a;CCAAT-box
NC_000068.7;TSS;130274446;+;1;Nop56_1;1;Nop56;CCAAT-box
NC_000068.7;TSS;131909968;+;1;Prnp_1;1;Prnp;CCAAT-box
NC_000068.7;TSS;132263200;+;1;Cds2_2;2;Cds2;CCAAT-box
NC_000068.7;TSS;132285941;+;1;Cds2_3;3;Cds2;CCAAT-box
NC_000068.7;TSS;134644134;-;1;Tmx4_1;1;Tmx4;CCAAT-box
NC_000068.7;TSS;138278518;+;1;Btbd3_1;1;Btbd3;CCAAT-box
NC_000068.7;TSS;143546162;+;1;Pcsk2_1;1;Pcsk2;CCAAT-box
NC_000068.7;TSS;150218113;+;1;Zfp937_1;1;Zfp937;CCAAT-box
NC_000068.7;TSS;150904663;-;1;Abhd12_1;1;Abhd12;CCAAT-box
NC_000068.7;TSS;151494291;+;1;Nsfl1c_1;1;Nsfl1c;CCAAT-box
NC_000068.7;TSS;153200299;+;1;Tm9sf4_3;3;Tm9sf4;CCAAT-box
NC_000068.7;TSS;153741343;+;1;Mapre1_1;1;Mapre1;CCAAT-box
NC_000068.7;TSS;157441946;+;1;Src_2;2;Src;CCAAT-box
NC_000068.7;TSS;158375713;+;1;Snhg11_1;1;Snhg11;CCAAT-box
NC_000068.7;TSS;161109022;-;1;Chd6_1;1;Chd6;CCAAT-box
NC_000068.7;TSS;163995162;+;1;Ywhab_1;1;Ywhab;CCAAT-box
NC_000068.7;TSS;164804831;-;1;Acot8_1;1;Acot8;CCAAT-box
NC_000068.7;TSS;165884646;-;1;Zmynd8_1;1;Zmynd8;CCAAT-box
NC_000068.7;TSS;168186099;-;1;Adnp_2;2;Adnp;CCAAT-box
NC_000068.7;TSS;168742085;-;1;Atp9a_3;3;Atp9a;CCAAT-box
NC_000068.7;TSS;174464089;-;1;Atp5e_1;1;Atp5e;CCAAT-box
NC_000068.7;TSS;180024977;+;1;Lsm14b_1;1;Lsm14b;CCAAT-box
NC_000068.7;TSS;181521842;+;1;Dnajc5_2;2;Dnajc5;CCAAT-box
NC_000069.6;TSS;8509527;+;1;Stmn2_1;1;Stmn2;CCAAT-box
NC_000069.6;TSS;10012591;+;1;Fabp5_1;1;Fabp5;CCAAT-box
NC_000069.6;TSS;19957062;+;1;Cp_2;2;Cp;CCAAT-box
NC_000069.6;TSS;28263380;+;1;Tnik_1;1;Tnik;CCAAT-box
NC_000069.6;TSS;55516377;+;1;Dclk1_3;3;Dclk1;CCAAT-box
NC_000069.6;TSS;75556809;-;1;Pdcd10_1;1;Pdcd10;CCAAT-box
NC_000069.6;TSS;87906400;+;1;Hdgf_1;1;Hdgf;CCAAT-box
NC_000069.6;TSS;88297123;+;1;Cct3_1;1;Cct3;CCAAT-box
NC_000069.6;TSS;89101890;-;1;Fdps_1;1;Fdps;CCAAT-box
NC_000069.6;TSS;90433588;-;1;Ints3_2;2;Ints3;CCAAT-box
NC_000069.6;TSS;90476164;+;1;Ilf2_1;1;Ilf2;CCAAT-box
NC_000069.6;TSS;94954200;+;1;Rfx5_1;1;Rfx5;CCAAT-box
NC_000069.6;TSS;103279270;+;1;Trim33_1;1;Trim33;CCAAT-box
NC_000069.6;TSS;107631694;-;1;Strip1_1;1;Strip1;CCAAT-box
NC_000069.6;TSS;108200436;-;1;Cyb561d1_1;1;Cyb561d1;CCAAT-box
NC_000069.6;TSS;108284115;+;1;Sort1_1;1;Sort1;CCAAT-box
NC_000069.6;TSS;121426519;+;1;Cnn3_1;1;Cnn3;CCAAT-box
NC_000069.6;TSS;122730144;+;1;Pde5a_1;1;Pde5a;CCAAT-box
NC_000069.6;TSS;131564865;+;1;Papss1_1;1;Papss1;CCAAT-box
NC_000069.6;TSS;136670153;+;1;Ppp3ca_1;1;Ppp3ca;CCAAT-box
NC_000069.6;TSS;142765226;+;1;Gtf2b_1;1;Gtf2b;CCAAT-box
NC_000070.6;TSS;9643663;-;1;Asph_2;2;Asph;CCAAT-box
NC_000070.6;TSS;9669085;-;1;Asph_1;1;Asph;CCAAT-box
NC_000070.6;TSS;25800089;-;1;Fut9_1;1;Fut9;CCAAT-box
NC_000070.6;TSS;40970989;+;1;Nfx1_1;1;Nfx1;CCAAT-box
NC_000070.6;TSS;42949918;+;1;Dnajb5_1;1;Dnajb5;CCAAT-box
NC_000070.6;TSS;43000434;-;1;Vcp_1;1;Vcp;CCAAT-box
NC_000070.6;TSS;43383481;+;1;Rusc2_3;3;Rusc2;CCAAT-box
NC_000070.6;TSS;43401281;+;1;Rusc2_4;4;Rusc2;CCAAT-box
NC_000070.6;TSS;43406574;+;1;Rusc2_2;2;Rusc2;CCAAT-box
NC_000070.6;TSS;44012674;+;1;Clta_1;1;Clta;CCAAT-box
NC_000070.6;TSS;48124921;+;1;Stx17_1;1;Stx17;CCAAT-box
NC_000070.6;TSS;53631424;+;1;Fsd1l_1;1;Fsd1l;CCAAT-box
NC_000070.6;TSS;88352843;+;1;Focad_2;2;Focad;CCAAT-box
NC_000070.6;TSS;94614544;+;1;Ift74_1;1;Ift74;CCAAT-box
NC_000070.6;TSS;106561082;+;1;Dhcr24_1;1;Dhcr24;CCAAT-box
NC_000070.6;TSS;106911492;+;1;Ssbp3_1;1;Ssbp3;CCAAT-box
NC_000070.6;TSS;107178716;+;1;Tmem59_1;1;Tmem59;CCAAT-box
NC_000070.6;TSS;109117944;-;1;Osbpl9_2;2;Osbpl9;CCAAT-box
NC_000070.6;TSS;110287527;-;1;Elavl4_1;1;Elavl4;CCAAT-box
NC_000070.6;TSS;118409262;-;1;Szt2_1;1;Szt2;CCAAT-box
NC_000070.6;TSS;120570224;-;1;Ctps_1;1;Ctps;CCAAT-box
NC_000070.6;TSS;124657654;+;1;Pou3f1_1;1;Pou3f1;CCAAT-box
NC_000070.6;TSS;126753549;+;1;AU040320_3;3;AU040320;CCAAT-box
NC_000070.6;TSS;127021321;+;1;Sfpq_1;1;Sfpq;CCAAT-box
NC_000070.6;TSS;129335307;-;1;Rbbp4_1;1;Rbbp4;CCAAT-box
NC_000070.6;TSS;129820209;+;1;Ptp4a2_2;2;Ptp4a2;CCAAT-box
NC_000070.6;TSS;133498521;-;1;Trnp1_1;1;Trnp1;CCAAT-box
NC_000070.6;TSS;133967922;-;1;Hmgn2_1;1;Hmgn2;CCAAT-box
NC_000070.6;TSS;134468399;+;1;Stmn1_1;1;Stmn1;CCAAT-box
NC_000070.6;TSS;134704247;-;1;Man1c1_1;1;Man1c1;CCAAT-box
NC_000070.6;TSS;135152545;+;1;Runx3_1;1;Runx3;CCAAT-box
NC_000070.6;TSS;135494532;-;1;Nipal3_1;1;Nipal3;CCAAT-box
NC_000070.6;TSS;136310976;+;1;Hnrnpr_1;1;Hnrnpr;CCAAT-box
NC_000070.6;TSS;138217274;+;1;Hp1bp3_2;2;Hp1bp3;CCAAT-box
NC_000070.6;TSS;149307692;-;1;Kif1b_1;1;Kif1b;CCAAT-box
NC_000070.6;TSS;151861746;-;1;Camta1_1;1;Camta1;CCAAT-box
NC_000070.6;TSS;152477473;-;1;Kcnab2_2;2;Kcnab2;CCAAT-box
NC_000070.6;TSS;154160666;-;1;Tprgl_1;1;Tprgl;CCAAT-box
NC_000070.6;TSS;155812507;+;1;Ccnl2_1;1;Ccnl2;CCAAT-box
NC_000070.6;TSS;155993241;+;1;Sdf4_1;1;Sdf4;CCAAT-box
NC_000071.6;TSS;9725419;-;1;Grm3_1;1;Grm3;CCAAT-box
NC_000071.6;TSS;24351695;-;1;Kcnh2_1;1;Kcnh2;CCAAT-box
NC_000071.6;TSS;25100196;-;1;Prkag2_4;4;Prkag2;CCAAT-box
NC_000071.6;TSS;28071364;+;1;Insig1_1;1;Insig1;CCAAT-box
NC_000071.6;TSS;30711887;+;1;Dpysl5_1;1;Dpysl5;CCAAT-box
NC_000071.6;TSS;30853833;+;1;Mapre3_2;2;Mapre3;CCAAT-box
NC_000071.6;TSS;32746326;-;1;Pisd_2;2;Pisd;CCAAT-box
NC_000071.6;TSS;34573732;+;1;Add1_1;1;Add1;CCAAT-box
NC_000071.6;TSS;34573849;+;1;Add1_2;2;Add1;CCAAT-box
NC_000071.6;TSS;41708142;-;1;Rab28_1;1;Rab28;CCAAT-box
NC_000071.6;TSS;52190510;-;1;Dhx15_1;1;Dhx15;CCAAT-box
NC_000071.6;TSS;53555811;+;1;Rbpj_3;3;Rbpj;CCAAT-box
NC_000071.6;TSS;65199717;+;1;Wdr19_1;1;Wdr19;CCAAT-box
NC_000071.6;TSS;73491079;+;1;Dcun1d4_1;1;Dcun1d4;CCAAT-box
NC_000071.6;TSS;92083715;-;1;G3bp2_1;1;G3bp2;CCAAT-box
NC_000071.6;TSS;104021810;-;1;Hsd17b11_1;1;Hsd17b11;CCAAT-box
NC_000071.6;TSS;107875064;-;1;Evi5_2;2;Evi5;CCAAT-box
NC_000071.6;TSS;108549974;-;1;Cplx1_1;1;Cplx1;CCAAT-box
NC_000071.6;TSS;109996529;+;1;Zfp932_1;1;Zfp932;CCAAT-box
NC_000071.6;TSS;110135878;+;1;Chfr_1;1;Chfr;CCAAT-box
NC_000071.6;TSS;114131192;+;1;Ung_1;1;Ung;CCAAT-box
NC_000071.6;TSS;114380831;+;1;Ube3b_2;2;Ube3b;CCAAT-box
NC_000071.6;TSS;115300934;-;1;Dynll1_1;1;Dynll1;CCAAT-box
NC_000071.6;TSS;115559515;+;1;Rplp0_1;1;Rplp0;CCAAT-box
NC_000071.6;TSS;117133634;+;1;Taok3_2;2;Taok3;CCAAT-box
NC_000071.6;TSS;117287597;-;1;Pebp1_1;1;Pebp1;CCAAT-box
NC_000071.6;TSS;120431897;+;1;Lhx5_1;1;Lhx5;CCAAT-box
NC_000071.6;TSS;121916823;-;1;Cux2_2;2;Cux2;CCAAT-box
NC_000071.6;TSS;122502208;-;1;Atp2a2_1;1;Atp2a2;CCAAT-box
NC_000071.6;TSS;122821280;-;1;Anapc5_1;1;Anapc5;CCAAT-box
NC_000071.6;TSS;122900347;-;1;Kdm2b_1;1;Kdm2b;CCAAT-box
NC_000071.6;TSS;124540772;+;1;Tmed2_1;1;Tmed2;CCAAT-box
NC_000071.6;TSS;125389195;-;1;Ubc_2;2;Ubc;CCAAT-box
NC_000071.6;TSS;129887289;-;1;Chchd2_1;1;Chchd2;CCAAT-box
NC_000071.6;TSS;130255622;+;1;Tyw1_2;2;Tyw1;CCAAT-box
NC_000071.6;TSS;130257060;+;1;Tyw1_1;1;Tyw1;CCAAT-box
NC_000071.6;TSS;134306609;-;1;Gtf2i_3;3;Gtf2i;CCAAT-box
NC_000071.6;TSS;134456778;-;1;Gtf2ird1_1;1;Gtf2ird1;CCAAT-box
NC_000071.6;TSS;135187259;+;1;Baz1b_1;1;Baz1b;CCAAT-box
NC_000071.6;TSS;137030284;+;1;Vgf_1;1;Vgf;CCAAT-box
NC_000071.6;TSS;137553546;+;1;Actl6b_1;1;Actl6b;CCAAT-box
NC_000071.6;TSS;138119970;+;1;Zscan21_2;2;Zscan21;CCAAT-box
NC_000071.6;TSS;139200667;+;1;Sun1_1;1;Sun1;CCAAT-box
NC_000071.6;TSS;141241561;+;1;Sdk1_1;1;Sdk1;CCAAT-box
NC_000071.6;TSS;142906725;-;1;Actb_1;1;Actb;CCAAT-box
NC_000071.6;TSS;143817831;+;1;Eif2ak1_1;1;Eif2ak1;CCAAT-box
NC_000071.6;TSS;149053045;-;1;Hmgb1_1;1;Hmgb1;CCAAT-box
NC_000071.6;TSS;149636241;-;1;Hsph1_1;1;Hsph1;CCAAT-box
NC_000072.6;TSS;8509109;-;1;A430035B10Rik_1;1;A430035B10Rik;CCAAT-box
NC_000072.6;TSS;17743588;+;1;St7_2;2;St7;CCAAT-box
NC_000072.6;TSS;28262419;-;1;Zfp800_3;3;Zfp800;CCAAT-box
NC_000072.6;TSS;28480395;+;1;Snd1_1;1;Snd1;CCAAT-box
NC_000072.6;TSS;34598544;+;1;Cald1_1;1;Cald1;CCAAT-box
NC_000072.6;TSS;38551487;+;1;Luc7l2_1;1;Luc7l2;CCAAT-box
NC_000072.6;TSS;48537669;+;1;Atp6v0e2_1;1;Atp6v0e2;CCAAT-box
NC_000072.6;TSS;50566474;-;1;Cycs_1;1;Cycs;CCAAT-box
NC_000072.6;TSS;57535487;-;1;Ppm1k_1;1;Ppm1k;CCAAT-box
NC_000072.6;TSS;58907087;-;1;Nap1l5_1;1;Nap1l5;CCAAT-box
NC_000072.6;TSS;72097608;+;1;St3gal5_1;1;St3gal5;CCAAT-box
NC_000072.6;TSS;85513588;-;1;Egr4_1;1;Egr4;CCAAT-box
NC_000072.6;TSS;86371547;+;1;Snrpg_1;1;Snrpg;CCAAT-box
NC_000072.6;TSS;86438696;+;1;C87436_1;1;C87436;CCAAT-box
NC_000072.6;TSS;92091445;+;1;Nr2c2_1;1;Nr2c2;CCAAT-box
NC_000072.6;TSS;92534871;-;1;Prickle2_1;1;Prickle2;CCAAT-box
NC_000072.6;TSS;106769168;+;1;Trnt1_1;1;Trnt1;CCAAT-box
NC_000072.6;TSS;115853358;-;1;Mbd4_1;1;Mbd4;CCAAT-box
NC_000072.6;TSS;125097101;+;1;Chd4_2;2;Chd4;CCAAT-box
NC_000072.6;TSS;125166547;-;1;Gapdh_2;2;Gapdh;CCAAT-box
NC_000072.6;TSS;126644796;-;1;Kcna1_1;1;Kcna1;CCAAT-box
NC_000072.6;TSS;146888522;+;1;Ppfibp1_1;1;Ppfibp1;CCAAT-box
NC_000073.6;TSS;12922318;+;1;Rps5_1;1;Rps5;CCAAT-box
NC_000073.6;TSS;16875310;+;1;Dact3_1;1;Dact3;CCAAT-box
NC_000073.6;TSS;17027887;-;1;Ppp5c_1;1;Ppp5c;CCAAT-box
NC_000073.6;TSS;19715413;-;1;Tomm40_1;1;Tomm40;CCAAT-box
NC_000073.6;TSS;25005913;-;1;Atp1a3_1;1;Atp1a3;CCAAT-box
NC_000073.6;TSS;27258778;+;1;Numbl_1;1;Numbl;CCAAT-box
NC_000073.6;TSS;27337674;-;1;Ltbp4_2;2;Ltbp4;CCAAT-box
NC_000073.6;TSS;28392969;+;1;Paf1_1;1;Paf1;CCAAT-box
NC_000073.6;TSS;28766782;+;1;Sirt2_1;1;Sirt2;CCAAT-box
NC_000073.6;TSS;28810937;+;1;Hnrnpl_1;1;Hnrnpl;CCAAT-box
NC_000073.6;TSS;28815151;+;1;Hnrnpl_2;2;Hnrnpl;CCAAT-box
NC_000073.6;TSS;29125152;-;1;Ryr1_1;1;Ryr1;CCAAT-box
NC_000073.6;TSS;30535018;-;1;Arhgap33_1;1;Arhgap33;CCAAT-box
NC_000073.6;TSS;44590897;+;1;Kcnc3_1;1;Kcnc3;CCAAT-box
NC_000073.6;TSS;45459839;-;1;Ftl1_1;1;Ftl1;CCAAT-box
NC_000073.6;TSS;45510374;-;1;Nucb1_1;1;Nucb1;CCAAT-box
NC_000073.6;TSS;56050208;+;1;Herc2_1;1;Herc2;CCAAT-box
NC_000073.6;TSS;66109492;+;1;Chsy1_1;1;Chsy1;CCAAT-box
NC_000073.6;TSS;80403323;-;1;Furin_3;3;Furin;CCAAT-box
NC_000073.6;TSS;84679369;-;1;Zfand6_1;1;Zfand6;CCAAT-box
NC_000073.6;TSS;84689876;-;1;Zfand6_2;2;Zfand6;CCAAT-box
NC_000073.6;TSS;91090706;+;1;Dlg2_2;2;Dlg2;CCAAT-box
NC_000073.6;TSS;92234960;+;1;Dlg2_1;1;Dlg2;CCAAT-box
NC_000073.6;TSS;100371907;-;1;Ppme1_1;1;Ppme1;CCAAT-box
NC_000073.6;TSS;100607570;+;1;Rab6a_2;2;Rab6a;CCAAT-box
NC_000073.6;TSS;111083006;-;1;Eif4g2_1;1;Eif4g2;CCAAT-box
NC_000073.6;TSS;112225890;+;1;Mical2_1;1;Mical2;CCAAT-box
NC_000073.6;TSS;113513868;+;1;Far1_1;1;Far1;CCAAT-box
NC_000073.6;TSS;116334135;-;1;Rps13_1;1;Rps13;CCAAT-box
NC_000073.6;TSS;118725969;+;1;Ccp110_2;2;Ccp110;CCAAT-box
NC_000073.6;TSS;126200448;-;1;Xpo6_1;1;Xpo6;CCAAT-box
NC_000073.6;TSS;126396725;-;1;Nfatc2ip_1;1;Nfatc2ip;CCAAT-box
NC_000073.6;TSS;126487374;+;1;Tufm_1;1;Tufm;CCAAT-box
NC_000073.6;TSS;126565926;+;1;AK144875_1;1;AK144875;CCAAT-box
NC_000073.6;TSS;126566402;-;1;Eif3c_1;1;Eif3c;CCAAT-box
NC_000073.6;TSS;126695999;+;1;Bola2_1;1;Bola2;CCAAT-box
NC_000073.6;TSS;126776988;+;1;Ypel3_1;1;Ypel3;CCAAT-box
NC_000073.6;TSS;127274059;-;1;Sephs2_1;1;Sephs2;CCAAT-box
NC_000073.6;TSS;128461356;-;1;Tial1_1;1;Tial1;CCAAT-box
NC_000073.6;TSS;141949711;+;1;Brsk2_1;1;Brsk2;CCAAT-box
NC_000073.6;TSS;144553686;-;1;Ppfia1_1;1;Ppfia1;CCAAT-box
NC_000074.6;TSS;25240885;-;1;Tacc1_2;2;Tacc1;CCAAT-box
NC_000074.6;TSS;25785195;-;1;Bag4_1;1;Bag4;CCAAT-box
NC_000074.6;TSS;41417088;-;1;Frg1_1;1;Frg1;CCAAT-box
NC_000074.6;TSS;45975528;+;1;Ufsp2_1;1;Ufsp2;CCAAT-box
NC_000074.6;TSS;60965451;-;1;Clcn3_3;3;Clcn3;CCAAT-box
NC_000074.6;TSS;60983251;-;1;Clcn3_1;1;Clcn3;CCAAT-box
NC_000074.6;TSS;68880555;+;1;Lpl_1;1;Lpl;CCAAT-box
NC_000074.6;TSS;68880657;+;1;Lpl_2;2;Lpl;CCAAT-box
NC_000074.6;TSS;69996338;-;1;Gatad2a_2;2;Gatad2a;CCAAT-box
NC_000074.6;TSS;70673379;+;1;Lsm4_1;1;Lsm4;CCAAT-box
NC_000074.6;TSS;70754712;+;1;Rab3a_1;1;Rab3a;CCAAT-box
NC_000074.6;TSS;70897415;-;1;Rpl18a_1;1;Rpl18a;CCAAT-box
NC_000074.6;TSS;70905982;+;1;Map1s_1;1;Map1s;CCAAT-box
NC_000074.6;TSS;72492635;-;1;Slc35e1_1;1;Slc35e1;CCAAT-box
NC_000074.6;TSS;83442495;-;1;Scoc_1;1;Scoc;CCAAT-box
NC_000074.6;TSS;83972982;+;1;Prkaca_1;1;Prkaca;CCAAT-box
NC_000074.6;TSS;84978718;-;1;Junb_1;1;Junb;CCAAT-box
NC_000074.6;TSS;85299517;-;1;Vps35_1;1;Vps35;CCAAT-box
NC_000074.6;TSS;90891729;+;1;Chd9_2;2;Chd9;CCAAT-box
NC_000074.6;TSS;95081279;+;1;Katnb1_1;1;Katnb1;CCAAT-box
NC_000074.6;TSS;95703056;+;1;Ndrg4_1;1;Ndrg4;CCAAT-box
NC_000074.6;TSS;95807433;-;1;Cnot1_1;1;Cnot1;CCAAT-box
NC_000074.6;TSS;105276460;+;1;Nol3_1;1;Nol3;CCAAT-box
NC_000074.6;TSS;106510891;+;1;Cdh3_1;1;Cdh3;CCAAT-box
NC_000074.6;TSS;109705622;+;1;Zfp821_1;1;Zfp821;CCAAT-box
NC_000074.6;TSS;118283797;+;1;Cdh13_1;1;Cdh13;CCAAT-box
NC_000074.6;TSS;123894751;-;1;Acta1_1;1;Acta1;CCAAT-box
NC_000075.6;TSS;7177029;-;1;Dync2h1_1;1;Dync2h1;CCAAT-box
NC_000075.6;TSS;8899834;+;1;Pgr_1;1;Pgr;CCAAT-box
NC_000075.6;TSS;13826994;-;1;Cep57_1;1;Cep57;CCAAT-box
NC_000075.6;TSS;13827758;+;1;Fam76b_1;1;Fam76b;CCAAT-box
NC_000075.6;TSS;14500667;+;1;Cwc15_1;1;Cwc15;CCAAT-box
NC_000075.6;TSS;21760282;-;1;Spc24_1;1;Spc24;CCAAT-box
NC_000075.6;TSS;22052023;-;1;Elavl3_1;1;Elavl3;CCAAT-box
NC_000075.6;TSS;29963125;-;1;Ntm_1;1;Ntm;CCAAT-box
NC_000075.6;TSS;35210946;-;1;Foxred1_1;1;Foxred1;CCAAT-box
NC_000075.6;TSS;40269486;+;1;Scn3b_2;2;Scn3b;CCAAT-box
NC_000075.6;TSS;40801276;+;1;Hspa8_1;1;Hspa8;CCAAT-box
NC_000075.6;TSS;42264256;-;1;Sc5d_1;1;Sc5d;CCAAT-box
NC_000075.6;TSS;44043424;+;1;Thy1_1;1;Thy1;CCAAT-box
NC_000075.6;TSS;47530352;+;1;Cadm1_1;1;Cadm1;CCAAT-box
NC_000075.6;TSS;50603934;+;1;Timm8b_1;1;Timm8b;CCAAT-box
NC_000075.6;TSS;53968289;-;1;Elmod1_2;2;Elmod1;CCAAT-box
NC_000075.6;TSS;54586481;+;1;Idh3a_1;1;Idh3a;CCAAT-box
NC_000075.6;TSS;55938100;-;1;Scaper_1;1;Scaper;CCAAT-box
NC_000075.6;TSS;56160953;-;1;Tspan3_1;1;Tspan3;CCAAT-box
NC_000075.6;TSS;57158316;-;1;Commd4_1;1;Commd4;CCAAT-box
NC_000075.6;TSS;57765899;-;1;Clk3_1;1;Clk3;CCAAT-box
NC_000075.6;TSS;61914539;-;1;Rplp1_1;1;Rplp1;CCAAT-box
NC_000075.6;TSS;62341382;+;1;Anp32a_1;1;Anp32a;CCAAT-box
NC_000075.6;TSS;70542886;+;1;Sltm_1;1;Sltm;CCAAT-box
NC_000075.6;TSS;77941262;+;1;Elovl5_2;2;Elovl5;CCAAT-box
NC_000075.6;TSS;83441093;-;1;Lca5_1;1;Lca5;CCAAT-box
NC_000075.6;TSS;86571802;-;1;Pgm3_1;1;Pgm3;CCAAT-box
NC_000075.6;TSS;88522888;-;1;Snhg5_1;1;Snhg5;CCAAT-box
NC_000075.6;TSS;96752690;-;1;Zbtb38_2;2;Zbtb38;CCAAT-box
NC_000075.6;TSS;103365668;-;1;Cdv3_1;1;Cdv3;CCAAT-box
NC_000075.6;TSS;107635343;-;1;Gnai2_1;1;Gnai2;CCAAT-box
NC_000075.6;TSS;107757534;-;1;Rbm5_2;2;Rbm5;CCAAT-box
NC_000075.6;TSS;107770996;-;1;Rbm5_1;1;Rbm5;CCAAT-box
NC_000075.6;TSS;108569896;+;1;Dalrd3_1;1;Dalrd3;CCAAT-box
NC_000075.6;TSS;109931819;+;1;Map4_1;1;Map4;CCAAT-box
NC_000075.6;TSS;110880073;-;1;Tmie_1;1;Tmie;CCAAT-box
NC_000075.6;TSS;111118135;+;1;Lrrfip2_1;1;Lrrfip2;CCAAT-box
NC_000075.6;TSS;111271874;+;1;Epm2aip1_1;1;Epm2aip1;CCAAT-box
NC_000075.6;TSS;113931003;+;1;Ubp1_1;1;Ubp1;CCAAT-box
NC_000075.6;TSS;120571515;+;1;Rpl14_1;1;Rpl14;CCAAT-box
NC_000075.6;TSS;123773437;+;1;Ccr9_2;2;Ccr9;CCAAT-box
NC_000076.6;TSS;22731318;-;1;Tbpl1_1;1;Tbpl1;CCAAT-box
NC_000076.6;TSS;34282243;+;1;Tspyl1_1;1;Tspyl1;CCAAT-box
NC_000076.6;TSS;42502224;+;1;Snx3_1;1;Snx3;CCAAT-box
NC_000076.6;TSS;62651176;-;1;Ddx50_1;1;Ddx50;CCAAT-box
NC_000076.6;TSS;72654880;+;1;Zwint_1;1;Zwint;CCAAT-box
NC_000076.6;TSS;75773386;-;1;Ddt_1;1;Ddt;CCAAT-box
NC_000076.6;TSS;79988637;+;1;Cnn2_1;1;Cnn2;CCAAT-box
NC_000076.6;TSS;80053565;+;1;Gpx4_2;2;Gpx4;CCAAT-box
NC_000076.6;TSS;80399491;-;1;Mbd3_1;1;Mbd3;CCAAT-box
NC_000076.6;TSS;80826686;+;1;Oaz1_1;1;Oaz1;CCAAT-box
NC_000076.6;TSS;81138015;+;1;Zbtb7a_1;1;Zbtb7a;CCAAT-box
NC_000076.6;TSS;81230786;-;1;Atcay_1;1;Atcay;CCAAT-box
NC_000076.6;TSS;89443900;-;1;Gas2l3_1;1;Gas2l3;CCAAT-box
NC_000076.6;TSS;102158905;+;1;Mgat4c_1;1;Mgat4c;CCAAT-box
NC_000076.6;TSS;109010946;-;1;Syt1_1;1;Syt1;CCAAT-box
NC_000076.6;TSS;116559278;-;1;Cnot2_2;2;Cnot2;CCAAT-box
NC_000076.6;TSS;120208793;+;1;Tmbim4_1;1;Tmbim4;CCAAT-box
NC_000076.6;TSS;123076380;-;1;Mon2_1;1;Mon2;CCAAT-box
NC_000076.6;TSS;128083306;+;1;Atp5b_1;1;Atp5b;CCAAT-box
NC_000076.6;TSS;128091613;+;1;Baz2a_1;1;Baz2a;CCAAT-box
NC_000076.6;TSS;128493854;-;1;Myl6_1;1;Myl6;CCAAT-box
NC_000076.6;TSS;128696251;-;1;Rab5b_1;1;Rab5b;CCAAT-box
NC_000077.6;TSS;4704334;-;1;Uqcr10_1;1;Uqcr10;CCAAT-box
NC_000077.6;TSS;16257742;+;1;Vstm2a_1;1;Vstm2a;CCAAT-box
NC_000077.6;TSS;20112887;-;1;Actr2_1;1;Actr2;CCAAT-box
NC_000077.6;TSS;21371198;-;1;Ugp2_2;2;Ugp2;CCAAT-box
NC_000077.6;TSS;23255940;+;1;Xpo1_2;2;Xpo1;CCAAT-box
NC_000077.6;TSS;32000460;+;1;Nsg2_1;1;Nsg2;CCAAT-box
NC_000077.6;TSS;40755217;-;1;Ccng1_1;1;Ccng1;CCAAT-box
NC_000077.6;TSS;50325609;-;1;Canx_1;1;Canx;CCAAT-box
NC_000077.6;TSS;51606847;-;1;Hnrnpab_1;1;Hnrnpab;CCAAT-box
NC_000077.6;TSS;59662507;+;1;Mprip_1;1;Mprip;CCAAT-box
NC_000077.6;TSS;59839407;+;1;Nt5m_2;2;Nt5m;CCAAT-box
NC_000077.6;TSS;60537688;+;1;Alkbh5_1;1;Alkbh5;CCAAT-box
NC_000077.6;TSS;61453935;-;1;Rnf112_1;1;Rnf112;CCAAT-box
NC_000077.6;TSS;62441674;-;1;Ncor1_3;3;Ncor1;CCAAT-box
NC_000077.6;TSS;68691934;+;1;Myh10_2;2;Myh10;CCAAT-box
NC_000077.6;TSS;69045678;+;1;Aurkb_1;1;Aurkb;CCAAT-box
NC_000077.6;TSS;69838553;+;1;Tmem256_1;1;Tmem256;CCAAT-box
NC_000077.6;TSS;69921265;-;1;Eif5a_1;1;Eif5a;CCAAT-box
NC_000077.6;TSS;75486833;+;1;Prpf8_1;1;Prpf8;CCAAT-box
NC_000077.6;TSS;78183557;-;1;Rpl23a_1;1;Rpl23a;CCAAT-box
NC_000077.6;TSS;78697426;-;1;Nlk_1;1;Nlk;CCAAT-box
NC_000077.6;TSS;80383329;+;1;Zfp207_1;1;Zfp207;CCAAT-box
NC_000077.6;TSS;86807604;-;1;Dhx40_1;1;Dhx40;CCAAT-box
NC_000077.6;TSS;86993722;-;1;Ypel2_1;1;Ypel2;CCAAT-box
NC_000077.6;TSS;87987505;-;1;Dynll2_1;1;Dynll2;CCAAT-box
NC_000077.6;TSS;88718267;-;1;Msi2_1;1;Msi2;CCAAT-box
NC_000077.6;TSS;94211439;+;1;Tob1_1;1;Tob1;CCAAT-box
NC_000077.6;TSS;95310204;-;1;Kat7_1;1;Kat7;CCAAT-box
NC_000077.6;TSS;96075619;-;1;Atp5g1_1;1;Atp5g1;CCAAT-box
NC_000077.6;TSS;96777508;-;1;Snx11_1;1;Snx11;CCAAT-box
NC_000077.6;TSS;96823998;-;1;Nfe2l1_3;3;Nfe2l1;CCAAT-box
NC_000077.6;TSS;96824146;-;1;Nfe2l1_4;4;Nfe2l1;CCAAT-box
NC_000077.6;TSS;96829933;-;1;Nfe2l1_2;2;Nfe2l1;CCAAT-box
NC_000077.6;TSS;97187910;-;1;Kpnb1_1;1;Kpnb1;CCAAT-box
NC_000077.6;TSS;97703434;+;1;Psmb3_1;1;Psmb3;CCAAT-box
NC_000077.6;TSS;98149582;-;1;Fbxl20_1;1;Fbxl20;CCAAT-box
NC_000077.6;TSS;100319986;+;1;Eif1_1;1;Eif1;CCAAT-box
NC_000077.6;TSS;100527869;-;1;Acly_1;1;Acly;CCAAT-box
NC_000077.6;TSS;100738179;-;1;Rab5c_1;1;Rab5c;CCAAT-box
NC_000077.6;TSS;101552195;+;1;Nbr1_2;2;Nbr1;CCAAT-box
NC_000077.6;TSS;101552867;+;1;Nbr1_1;1;Nbr1;CCAAT-box
NC_000077.6;TSS;101984757;-;1;Dusp3_1;1;Dusp3;CCAAT-box
NC_000077.6;TSS;102430507;+;1;Grn_1;1;Grn;CCAAT-box
NC_000077.6;TSS;103412691;-;1;Plekhm1_1;1;Plekhm1;CCAAT-box
NC_000077.6;TSS;103774246;+;1;Wnt3_1;1;Wnt3;CCAAT-box
NC_000077.6;TSS;104232303;+;1;Mapt_2;2;Mapt;CCAAT-box
NC_000077.6;TSS;104469443;-;1;Kansl1_1;1;Kansl1;CCAAT-box
NC_000077.6;TSS;105901905;+;1;Tanc2_2;2;Tanc2;CCAAT-box
NC_000077.6;TSS;115419940;-;1;Atp5h_1;1;Atp5h;CCAAT-box
NC_000077.6;TSS;115420154;+;1;Kctd2_1;1;Kctd2;CCAAT-box
NC_000077.6;TSS;116024501;-;1;H3f3b_1;1;H3f3b;CCAAT-box
NC_000077.6;TSS;116086938;-;1;Wbp2_1;1;Wbp2;CCAAT-box
NC_000077.6;TSS;116434100;+;1;Ubald2_2;2;Ubald2;CCAAT-box
NC_000077.6;TSS;116434250;+;1;Ubald2_1;1;Ubald2;CCAAT-box
NC_000077.6;TSS;116853090;-;1;Srsf2_1;1;Srsf2;CCAAT-box
NC_000077.6;TSS;120598353;-;1;Alyref_1;1;Alyref;CCAAT-box
NC_000077.6;TSS;121388221;-;1;Rab40b_1;1;Rab40b;CCAAT-box
NC_000078.6;TSS;3309952;-;1;Rab10_1;1;Rab10;CCAAT-box
NC_000078.6;TSS;4599348;+;1;Itsn2_2;2;Itsn2;CCAAT-box
NC_000078.6;TSS;5375699;-;1;Klhl29_1;1;Klhl29;CCAAT-box
NC_000078.6;TSS;8500011;-;1;Rhob_1;1;Rhob;CCAAT-box
NC_000078.6;TSS;8921666;+;1;Laptm4a_2;2;Laptm4a;CCAAT-box
NC_000078.6;TSS;17266589;+;1;Pdia6_1;1;Pdia6;CCAAT-box
NC_000078.6;TSS;21417543;-;1;Ywhaq_1;1;Ywhaq;CCAAT-box
NC_000078.6;TSS;25096090;-;1;Id2_1;1;Id2;CCAAT-box
NC_000078.6;TSS;36042487;-;1;Tspan13_1;1;Tspan13;CCAAT-box
NC_000078.6;TSS;36157202;+;1;Ankmy2_1;1;Ankmy2;CCAAT-box
NC_000078.6;TSS;49383950;+;1;Foxg1_1;1;Foxg1;CCAAT-box
NC_000078.6;TSS;54986336;-;1;Baz1a_1;1;Baz1a;CCAAT-box
NC_000078.6;TSS;56345875;-;1;Mbip_1;1;Mbip;CCAAT-box
NC_000078.6;TSS;65075603;+;1;Fancm_1;1;Fancm;CCAAT-box
NC_000078.6;TSS;69198378;-;1;Dnaaf2_1;1;Dnaaf2;CCAAT-box
NC_000078.6;TSS;70974721;+;1;Psma3_1;1;Psma3;CCAAT-box
NC_000078.6;TSS;72408702;-;1;Rtn1_2;2;Rtn1;CCAAT-box
NC_000078.6;TSS;75669516;-;1;Wdr89_1;1;Wdr89;CCAAT-box
NC_000078.6;TSS;80260363;-;1;Actn1_1;1;Actn1;CCAAT-box
NC_000078.6;TSS;81511065;-;1;Synj2bp_2;2;Synj2bp;CCAAT-box
NC_000078.6;TSS;81781166;-;1;Map3k9_1;1;Map3k9;CCAAT-box
NC_000078.6;TSS;83642641;+;1;Rbm25_3;3;Rbm25;CCAAT-box
NC_000078.6;TSS;85151233;-;1;Rps6kl1_1;1;Rps6kl1;CCAAT-box
NC_000078.6;TSS;85374699;-;1;Tmed10_1;1;Tmed10;CCAAT-box
NC_000078.6;TSS;87388266;-;1;Sptlc2_1;1;Sptlc2;CCAAT-box
NC_000078.6;TSS;89096126;+;1;Nrxn3_3;3;Nrxn3;CCAAT-box
NC_000078.6;TSS;91849130;-;1;Sel1l_1;1;Sel1l;CCAAT-box
NC_000078.6;TSS;105032676;+;1;Glrx5_1;1;Glrx5;CCAAT-box
NC_000078.6;TSS;109540999;+;1;Meg3_1;1;Meg3;CCAAT-box
NC_000078.6;TSS;110485797;+;1;Ppp2r5c_1;1;Ppp2r5c;CCAAT-box
NC_000078.6;TSS;110898079;+;1;Tecpr2_1;1;Tecpr2;CCAAT-box
NC_000078.6;TSS;111538216;+;1;Eif5_1;1;Eif5;CCAAT-box
NC_000078.6;TSS;111574521;+;1;Mark3_1;1;Mark3;CCAAT-box
NC_000078.6;TSS;111908066;-;1;Ppp1r13b_1;1;Ppp1r13b;CCAAT-box
NC_000079.6;TSS;6548163;+;1;Pitrm1_1;1;Pitrm1;CCAAT-box
NC_000079.6;TSS;12106848;-;1;Ryr2_1;1;Ryr2;CCAAT-box
NC_000079.6;TSS;13590410;+;1;Lyst_1;1;Lyst;CCAAT-box
NC_000079.6;TSS;14063802;+;1;Arid4b_1;1;Arid4b;CCAAT-box
NC_000079.6;TSS;24327429;+;1;Cmah_2;2;Cmah;CCAAT-box
NC_000079.6;TSS;24415112;+;1;Cmah_1;1;Cmah;CCAAT-box
NC_000079.6;TSS;38659010;-;1;Eef1e1_1;1;Eef1e1;CCAAT-box
NC_000079.6;TSS;41016302;+;1;Tmem14c_1;1;Tmem14c;CCAAT-box
NC_000079.6;TSS;42681602;+;1;Phactr1_3;3;Phactr1;CCAAT-box
NC_000079.6;TSS;45389742;+;1;Mylip_1;1;Mylip;CCAAT-box
NC_000079.6;TSS;49682144;+;1;Iars_1;1;Iars;CCAAT-box
NC_000079.6;TSS;54687715;-;1;Rnf44_2;2;Rnf44;CCAAT-box
NC_000079.6;TSS;54688125;-;1;Rnf44_1;1;Rnf44;CCAAT-box
NC_000079.6;TSS;58128556;-;1;Hnrnpa0_1;1;Hnrnpa0;CCAAT-box
NC_000079.6;TSS;59769776;-;1;Isca1_1;1;Isca1;CCAAT-box
NC_000079.6;TSS;89742508;-;1;Vcan_2;2;Vcan;CCAAT-box
NC_000079.6;TSS;100652364;+;1;Taf9_2;2;Taf9;CCAAT-box
NC_000079.6;TSS;105054833;-;1;Rgs7bp_1;1;Rgs7bp;CCAAT-box
NC_000079.6;TSS;106936925;-;1;Ipo11_1;1;Ipo11;CCAAT-box
NC_000079.6;TSS;112464130;+;1;Il6st_1;1;Il6st;CCAAT-box
NC_000080.6;TSS;16365178;+;1;Top2b_1;1;Top2b;CCAAT-box
NC_000080.6;TSS;21500889;+;1;Kat6b_1;1;Kat6b;CCAAT-box
NC_000080.6;TSS;24490718;+;1;Rps24_1;1;Rps24;CCAAT-box
NC_000080.6;TSS;26970521;-;1;Appl1_1;1;Appl1;CCAAT-box
NC_000080.6;TSS;31019703;+;1;Pbrm1_2;2;Pbrm1;CCAAT-box
NC_000080.6;TSS;45329828;+;1;Psmc6_1;1;Psmc6;CCAAT-box
NC_000080.6;TSS;52104004;-;1;Hnrnpc_1;1;Hnrnpc;CCAAT-box
NC_000080.6;TSS;52136489;+;1;Rpgrip1_2;2;Rpgrip1;CCAAT-box
NC_000080.6;TSS;54618014;-;1;Psmb5_1;1;Psmb5;CCAAT-box
NC_000080.6;TSS;55824881;+;1;Nfatc4_1;1;Nfatc4;CCAAT-box
NC_000080.6;TSS;56668271;+;1;Mphosph8_1;1;Mphosph8;CCAAT-box
NC_000080.6;TSS;63996393;+;1;Rp1l1_2;2;Rp1l1;CCAAT-box
NC_000080.6;TSS;66868637;-;1;Dpysl2_1;1;Dpysl2;CCAAT-box
NC_000080.6;TSS;78536843;-;1;Akap11_1;1;Akap11;CCAAT-box
NC_000080.6;TSS;93890684;-;1;Pcdh9_1;1;Pcdh9;CCAAT-box
NC_000080.6;TSS;105177302;-;1;Rbm26_1;1;Rbm26;CCAAT-box
NC_000080.6;TSS;118937976;+;1;Dnajc3_1;1;Dnajc3;CCAAT-box
NC_000080.6;TSS;119007453;-;1;Uggt2_1;1;Uggt2;CCAAT-box
NC_000081.6;TSS;10223991;+;1;Prlr_2;2;Prlr;CCAAT-box
NC_000081.6;TSS;18818960;+;1;Cdh10_1;1;Cdh10;CCAAT-box
NC_000081.6;TSS;37007318;-;1;Zfp706_1;1;Zfp706;CCAAT-box
NC_000081.6;TSS;41830979;+;1;Oxr1_2;2;Oxr1;CCAAT-box
NC_000081.6;TSS;51991708;-;1;Rad21_1;1;Rad21;CCAAT-box
NC_000081.6;TSS;53346132;-;1;Ext1_1;1;Ext1;CCAAT-box
NC_000081.6;TSS;59315072;+;1;Sqle_1;1;Sqle;CCAAT-box
NC_000081.6;TSS;64382953;-;1;Asap1_3;3;Asap1;CCAAT-box
NC_000081.6;TSS;65787038;+;1;Efr3a_1;1;Efr3a;CCAAT-box
NC_000081.6;TSS;76209077;-;1;Plec_4;4;Plec;CCAAT-box
NC_000081.6;TSS;76351325;+;1;Maf1_1;1;Maf1;CCAAT-box
NC_000081.6;TSS;76380532;+;1;Mroh1_1;1;Mroh1;CCAAT-box
NC_000081.6;TSS;76384560;+;1;Mroh1_2;2;Mroh1;CCAAT-box
NC_000081.6;TSS;77306898;-;1;Rbfox2_3;3;Rbfox2;CCAAT-box
NC_000081.6;TSS;78926726;+;1;Lgals1_1;1;Lgals1;CCAAT-box
NC_000081.6;TSS;80083352;-;1;Rpl3_1;1;Rpl3;CCAAT-box
NC_000081.6;TSS;80255257;+;1;Atf4_2;2;Atf4;CCAAT-box
NC_000081.6;TSS;80711319;+;1;Tnrc6b_1;1;Tnrc6b;CCAAT-box
NC_000081.6;TSS;81400066;-;1;St13_3;3;St13;CCAAT-box
NC_000081.6;TSS;82354237;-;1;Ndufa6_1;1;Ndufa6;CCAAT-box
NC_000081.6;TSS;93397235;-;1;Zcrb1_2;2;Zcrb1;CCAAT-box
NC_000081.6;TSS;94589846;-;1;Twf1_1;1;Twf1;CCAAT-box
NC_000081.6;TSS;99030321;+;1;Tuba1c_1;1;Tuba1c;CCAAT-box
NC_000081.6;TSS;99392986;+;1;Tmbim6_1;1;Tmbim6;CCAAT-box
NC_000081.6;TSS;102136207;-;1;Spryd3_1;1;Spryd3;CCAAT-box
NC_000082.6;TSS;3884668;+;1;Naa60_1;1;Naa60;CCAAT-box
NC_000082.6;TSS;10835068;+;1;Rmi2_1;1;Rmi2;CCAAT-box
NC_000082.6;TSS;16983405;+;1;Mapk1_1;1;Mapk1;CCAAT-box
NC_000082.6;TSS;21995485;-;1;Liph_1;1;Liph;CCAAT-box
NC_000082.6;TSS;22439618;-;1;Etv5_1;1;Etv5;CCAAT-box
NC_000082.6;TSS;36875140;+;1;AK089379_1;1;AK089379;CCAAT-box
NC_000082.6;TSS;38089087;+;1;Gsk3b_2;2;Gsk3b;CCAAT-box
NC_000082.6;TSS;45409023;-;1;Cd200_1;1;Cd200;CCAAT-box
NC_000082.6;TSS;45724397;-;1;Tagln3_1;1;Tagln3;CCAAT-box
NC_000082.6;TSS;48993942;-;1;Dzip3_1;1;Dzip3;CCAAT-box
NC_000082.6;TSS;49699257;+;1;Ift57_1;1;Ift57;CCAAT-box
NC_000082.6;TSS;50331049;-;1;Bbx_3;3;Bbx;CCAAT-box
NC_000082.6;TSS;50432388;-;1;Bbx_1;1;Bbx;CCAAT-box
NC_000082.6;TSS;64851730;-;1;Zfp654_1;1;Zfp654;CCAAT-box
NC_000082.6;TSS;64852009;+;1;Cggbp1_1;1;Cggbp1;CCAAT-box
NC_000082.6;TSS;67620886;-;1;Cadm2_1;1;Cadm2;CCAAT-box
NC_000082.6;TSS;84834857;-;1;Atp5j_1;1;Atp5j;CCAAT-box
NC_000082.6;TSS;87432526;-;1;Ltn1_1;1;Ltn1;CCAAT-box
NC_000082.6;TSS;90220762;+;1;Sod1_1;1;Sod1;CCAAT-box
NC_000082.6;TSS;91597673;-;1;Tmem50b_1;1;Tmem50b;CCAAT-box
NC_000082.6;TSS;91647884;+;1;Son_1;1;Son;CCAAT-box
NC_000082.6;TSS;96082438;-;1;Brwd1_1;1;Brwd1;CCAAT-box
NC_000082.6;TSS;96467719;+;1;Pcp4_1;1;Pcp4;CCAAT-box
NC_000083.6;TSS;12960712;-;1;Acat2_1;1;Acat2;CCAAT-box
NC_000083.6;TSS;20945455;+;1;Ppp2r1a_1;1;Ppp2r1a;CCAAT-box
NC_000083.6;TSS;23771581;-;1;Flywch1_1;1;Flywch1;CCAAT-box
NC_000083.6;TSS;24141552;-;1;Pdpk1_1;1;Pdpk1;CCAAT-box
NC_000083.6;TSS;24470459;+;1;Pgp_1;1;Pgp;CCAAT-box
NC_000083.6;TSS;24527845;-;1;Traf7_1;1;Traf7;CCAAT-box
NC_000083.6;TSS;24533722;-;1;Rab26_1;1;Rab26;CCAAT-box
NC_000083.6;TSS;24650305;-;1;Slc9a3r2_1;1;Slc9a3r2;CCAAT-box
NC_000083.6;TSS;25273870;-;1;Ube2i_3;3;Ube2i;CCAAT-box
NC_000083.6;TSS;25919719;-;1;Rab40c_1;1;Rab40c;CCAAT-box
NC_000083.6;TSS;29032673;+;1;Srsf3_1;1;Srsf3;CCAAT-box
NC_000083.6;TSS;30612618;-;1;Glo1_1;1;Glo1;CCAAT-box
NC_000083.6;TSS;32321138;-;1;Akap8_1;1;Akap8;CCAAT-box
NC_000083.6;TSS;32788274;-;1;Zfp871_1;1;Zfp871;CCAAT-box
NC_000083.6;TSS;35838232;-;1;Tubb5_1;1;Tubb5;CCAAT-box
NC_000083.6;TSS;35841498;+;1;Mdc1_2;2;Mdc1;CCAAT-box
NC_000083.6;TSS;35841675;+;1;Mdc1_1;1;Mdc1;CCAAT-box
NC_000083.6;TSS;43801838;+;1;Rcan2_2;2;Rcan2;CCAAT-box
NC_000083.6;TSS;43801976;+;1;Rcan2_3;3;Rcan2;CCAAT-box
NC_000083.6;TSS;46556169;-;1;Srf_1;1;Srf;CCAAT-box
NC_000083.6;TSS;51823387;-;1;Satb1_3;3;Satb1;CCAAT-box
NC_000083.6;TSS;56256810;+;1;Fem1a_1;1;Fem1a;CCAAT-box
NC_000083.6;TSS;56290511;-;1;Plin3_1;1;Plin3;CCAAT-box
NC_000083.6;TSS;56303406;+;1;Uhrf1_1;1;Uhrf1;CCAAT-box
NC_000083.6;TSS;56304348;+;1;Uhrf1_2;2;Uhrf1;CCAAT-box
NC_000083.6;TSS;56584982;+;1;Safb_1;1;Safb;CCAAT-box
NC_000083.6;TSS;63500592;-;1;Fbxl17_1;1;Fbxl17;CCAAT-box
NC_000083.6;TSS;64331862;-;1;Pja2_1;1;Pja2;CCAAT-box
NC_000083.6;TSS;70522136;+;1;Dlgap1_3;3;Dlgap1;CCAAT-box
NC_000083.6;TSS;71002521;-;1;Myl12a_2;2;Myl12a;CCAAT-box
NC_000083.6;TSS;74489514;+;1;Yipf4_1;1;Yipf4;CCAAT-box
NC_000083.6;TSS;75178955;+;1;Ltbp1_2;2;Ltbp1;CCAAT-box
NC_000084.6;TSS;6516076;-;1;Epc1_1;1;Epc1;CCAAT-box
NC_000084.6;TSS;16808477;-;1;Cdh2_2;2;Cdh2;CCAAT-box
NC_000084.6;TSS;16809276;-;1;Cdh2_1;1;Cdh2;CCAAT-box
NC_000084.6;TSS;21001939;+;1;Rnf138_1;1;Rnf138;CCAAT-box
NC_000084.6;TSS;34247694;+;1;Apc_2;2;Apc;CCAAT-box
NC_000084.6;TSS;36560614;+;1;Ankhd1_1;1;Ankhd1;CCAAT-box
NC_000084.6;TSS;36606193;+;1;Ankhd1_2;2;Ankhd1;CCAAT-box
NC_000084.6;TSS;36744527;-;1;Ndufa2_1;1;Ndufa2;CCAAT-box
NC_000084.6;TSS;38601618;+;1;9630014M24Rik_1;1;9630014M24Rik;CCAAT-box
NC_000084.6;TSS;38993165;+;1;Arhgap26_1;1;Arhgap26;CCAAT-box
NC_000084.6;TSS;39291435;+;1;Arhgap26_3;3;Arhgap26;CCAAT-box
NC_000084.6;TSS;42511510;+;1;Tcerg1_1;1;Tcerg1;CCAAT-box
NC_000084.6;TSS;54951638;-;1;Zfp608_2;2;Zfp608;CCAAT-box
NC_000084.6;TSS;54992561;-;1;Zfp608_1;1;Zfp608;CCAAT-box
NC_000084.6;TSS;64516499;-;1;Nars_1;1;Nars;CCAAT-box
NC_000084.6;TSS;64887708;+;1;Nedd4l_1;1;Nedd4l;CCAAT-box
NC_000084.6;TSS;67800134;+;1;Cep192_1;1;Cep192;CCAAT-box
NC_000085.6;TSS;4855223;+;1;Ctsf_1;1;Ctsf;CCAAT-box
NC_000085.6;TSS;5098494;-;1;Cnih2_1;1;Cnih2;CCAAT-box
NC_000085.6;TSS;6128272;-;1;Snx15_1;1;Snx15;CCAAT-box
NC_000085.6;TSS;6363697;+;1;Sf1_1;1;Sf1;CCAAT-box
NC_000085.6;TSS;6363933;+;1;Sf1_2;2;Sf1;CCAAT-box
NC_000085.6;TSS;7039966;-;1;Stip1_1;1;Stip1;CCAAT-box
NC_000085.6;TSS;8771003;+;1;Tmem223_1;1;Tmem223;CCAAT-box
NC_000085.6;TSS;8920415;+;1;B3gat3_1;1;B3gat3;CCAAT-box
NC_000085.6;TSS;9982704;+;1;Fth1_1;1;Fth1;CCAAT-box
NC_000085.6;TSS;16956118;+;1;Prune2_1;1;Prune2;CCAAT-box
NC_000085.6;TSS;23141211;+;1;Klf9_1;1;Klf9;CCAAT-box
NC_000085.6;TSS;37175034;-;1;Cpeb3_2;2;Cpeb3;CCAAT-box
NC_000085.6;TSS;42086357;-;1;Morn4_1;1;Morn4;CCAAT-box
NC_000085.6;TSS;42170589;+;1;Zfyve27_1;1;Zfyve27;CCAAT-box
NC_000085.6;TSS;43524530;-;1;Got1_1;1;Got1;CCAAT-box
NC_000085.6;TSS;44294088;+;1;Scd2_1;1;Scd2;CCAAT-box
NC_000085.6;TSS;47731781;+;1;Sfr1_1;1;Sfr1;CCAAT-box
NC_000085.6;TSS;53944627;-;1;Bbip1_2;2;Bbip1;CCAAT-box
NC_000085.6;TSS;57314886;-;1;Ablim1_1;1;Ablim1;CCAAT-box
NC_000085.6;TSS;60790658;-;1;Eif3a_1;1;Eif3a;CCAAT-box
NC_000086.7;TSS;7899397;+;1;Timm17b_1;1;Timm17b;CCAAT-box
NC_000086.7;TSS;7947797;-;1;Hdac6_1;1;Hdac6;CCAAT-box
NC_000086.7;TSS;8145699;-;1;Rbm3_1;1;Rbm3;CCAAT-box
NC_000086.7;TSS;8252370;-;1;Ftsj1_1;1;Ftsj1;CCAAT-box
NC_000086.7;TSS;20617812;+;1;Rbm10_1;1;Rbm10;CCAAT-box
NC_000086.7;TSS;20687982;+;1;Cdk16_2;2;Cdk16;CCAAT-box
NC_000086.7;TSS;36795651;+;1;Slc25a5_1;1;Slc25a5;CCAAT-box
NC_000086.7;TSS;38456420;-;1;Lamp2_1;1;Lamp2;CCAAT-box
NC_000086.7;TSS;41401398;+;1;Gria3_1;1;Gria3;CCAAT-box
NC_000086.7;TSS;48256897;+;1;Utp14a_1;1;Utp14a;CCAAT-box
NC_000086.7;TSS;52912311;+;1;Phf6_1;1;Phf6;CCAAT-box
NC_000086.7;TSS;57392981;-;1;Rbmx_1;1;Rbmx;CCAAT-box
NC_000086.7;TSS;74305256;+;1;Gdi1_1;1;Gdi1;CCAAT-box
NC_000086.7;TSS;95166483;-;1;Arhgef9_2;2;Arhgef9;CCAAT-box
NC_000086.7;TSS;105929350;-;1;Atrx_1;1;Atrx;CCAAT-box
NC_000086.7;TSS;106015743;+;1;Cox7b_1;1;Cox7b;CCAAT-box
NC_000086.7;TSS;106255369;-;1;Fnd3c2_1;1;Fnd3c2;CCAAT-box
NC_000086.7;TSS;134601240;+;1;Hnrnph2_1;1;Hnrnph2;CCAAT-box
NC_000086.7;TSS;135210653;-;1;Tceal6_1;1;Tceal6;CCAAT-box
NC_000086.7;TSS;136741278;-;1;Morf4l2_1;1;Morf4l2;CCAAT-box
NC_000086.7;TSS;136993210;+;1;Zcchc18_1;1;Zcchc18;CCAAT-box
NC_000086.7;TSS;143394217;-;1;Chrdl1_2;2;Chrdl1;CCAAT-box
NC_000086.7;TSS;143664391;+;1;Pak3_2;2;Pak3;CCAAT-box
NC_000086.7;TSS;146962513;+;1;Htr2c_1;1;Htr2c;CCAAT-box
NC_000086.7;TSS;152016473;+;1;Smc1a_1;1;Smc1a;CCAAT-box
NC_000086.7;TSS;153139973;+;1;Rragb_1;1;Rragb;CCAAT-box
NC_000086.7;TSS;162643651;-;1;Reps2_1;1;Reps2;CCAAT-box
NC_000086.7;TSS;162760402;+;1;Rbbp7_1;1;Rbbp7;CCAAT-box
