;;TSS;strand;sequence type;gene;alternative_promoters;Gene.name;Gcbox
NC_000067.6;TSS;4493608;-;1;Sox17_1;1;Sox17;Gcbox
NC_000067.6;TSS;4497371;-;1;Sox17_2;2;Sox17;Gcbox
NC_000067.6;TSS;7088984;+;1;Pcmtd1_1;1;Pcmtd1;Gcbox
NC_000067.6;TSS;7089169;+;1;Pcmtd1_2;2;Pcmtd1;Gcbox
NC_000067.6;TSS;9748395;-;1;Vcpip1_1;1;Vcpip1;Gcbox
NC_000067.6;TSS;16619289;-;1;Ube2w_1;1;Ube2w;Gcbox
NC_000067.6;TSS;23383191;-;1;Ogfrl1_1;1;Ogfrl1;Gcbox
NC_000067.6;TSS;23922310;-;1;Smap1_1;1;Smap1;Gcbox
NC_000067.6;TSS;24678574;+;1;Lmbrd1_2;2;Lmbrd1;Gcbox
NC_000067.6;TSS;24678738;+;1;Lmbrd1_1;1;Lmbrd1;Gcbox
NC_000067.6;TSS;30873901;-;1;Phf3_1;1;Phf3;Gcbox
NC_000067.6;TSS;33907759;-;1;Bend6_1;1;Bend6;Gcbox
NC_000067.6;TSS;34678188;+;1;AK082264_1;1;AK082264;Gcbox
NC_000067.6;TSS;34801741;+;1;Arhgef4_1;1;Arhgef4;Gcbox
NC_000067.6;TSS;36691562;+;1;Cox5b_1;1;Cox5b;Gcbox
NC_000067.6;TSS;36939613;-;1;Tmem131_1;1;Tmem131;Gcbox
NC_000067.6;TSS;37299899;+;1;AK051424_1;1;AK051424;Gcbox
NC_000067.6;TSS;39367911;+;1;Rpl31_1;1;Rpl31;Gcbox
NC_000067.6;TSS;39577352;-;1;Rnf149_1;1;Rnf149;Gcbox
NC_000067.6;TSS;43447218;+;1;Nck2_2;2;Nck2;Gcbox
NC_000067.6;TSS;44147916;+;1;Ercc5_1;1;Ercc5;Gcbox
NC_000067.6;TSS;52233218;-;1;Gls_1;1;Gls;Gcbox
NC_000067.6;TSS;52500394;-;1;Nab1_1;1;Nab1;Gcbox
NC_000067.6;TSS;55027395;-;1;Sf3b1_1;1;Sf3b1;Gcbox
NC_000067.6;TSS;60409683;+;1;Abi2_1;1;Abi2;Gcbox
NC_000067.6;TSS;64532848;+;1;Creb1_1;1;Creb1;Gcbox
NC_000067.6;TSS;64737748;-;1;Fzd5_1;1;Fzd5;Gcbox
NC_000067.6;TSS;66175310;+;1;Map2_1;1;Map2;Gcbox
NC_000067.6;TSS;71653172;-;1;Fn1_1;1;Fn1;Gcbox
NC_000067.6;TSS;72874884;-;1;Igfbp5_1;1;Igfbp5;Gcbox
NC_000067.6;TSS;74284674;-;1;Aamp_1;1;Aamp;Gcbox
NC_000067.6;TSS;74285058;+;1;Pnkd_1;1;Pnkd;Gcbox
NC_000067.6;TSS;74332660;+;1;Pnkd_2;2;Pnkd;Gcbox
NC_000067.6;TSS;74332663;+;1;AK158483_1;1;AK158483;Gcbox
NC_000067.6;TSS;75219253;-;1;Tuba4a_1;1;Tuba4a;Gcbox
NC_000067.6;TSS;75479116;-;1;Chpf_1;1;Chpf;Gcbox
NC_000067.6;TSS;77515087;-;1;Epha4_1;1;Epha4;Gcbox
NC_000067.6;TSS;80213845;-;1;Fam124b_1;1;Fam124b;Gcbox
NC_000067.6;TSS;82724918;+;1;Mff_1;1;Mff;Gcbox
NC_000067.6;TSS;84695828;-;1;Dner_2;2;Dner;Gcbox
NC_000067.6;TSS;84839349;-;1;Trip12_1;1;Trip12;Gcbox
NC_000067.6;TSS;84840316;-;1;Trip12_2;2;Trip12;Gcbox
NC_000067.6;TSS;84840514;-;1;Trip12_3;3;Trip12;Gcbox
NC_000067.6;TSS;87853276;+;1;Dgkd_1;1;Dgkd;Gcbox
NC_000067.6;TSS;91053465;+;1;Lrrfip1_2;2;Lrrfip1;Gcbox
NC_000067.6;TSS;92180299;-;1;Hdac4_1;1;Hdac4;Gcbox
NC_000067.6;TSS;92473777;-;1;Ndufa10_1;1;Ndufa10;Gcbox
NC_000067.6;TSS;93512112;+;1;Farp2_1;1;Farp2;Gcbox
NC_000067.6;TSS;93521889;+;1;Farp2_2;2;Farp2;Gcbox
NC_000067.6;TSS;106759669;-;1;Kdsr_1;1;Kdsr;Gcbox
NC_000067.6;TSS;125435484;-;1;Actr3_1;1;Actr3;Gcbox
NC_000067.6;TSS;125435673;-;1;Actr3_2;2;Actr3;Gcbox
NC_000067.6;TSS;127774217;+;1;Ccnt2_1;1;Ccnt2;Gcbox
NC_000067.6;TSS;128103346;+;1;R3hdm1_1;1;R3hdm1;Gcbox
NC_000067.6;TSS;131245178;-;1;Rassf5_1;1;Rassf5;Gcbox
NC_000067.6;TSS;133255705;+;1;Plekha6_2;2;Plekha6;Gcbox
NC_000067.6;TSS;133800704;-;1;Atp2b4_1;1;Atp2b4;Gcbox
NC_000067.6;TSS;136624939;+;1;Zfp281_1;1;Zfp281;Gcbox
NC_000067.6;TSS;151344548;+;1;Ivns1abp_1;1;Ivns1abp;Gcbox
NC_000067.6;TSS;151428388;-;1;Swt1_1;1;Swt1;Gcbox
NC_000067.6;TSS;151500811;-;1;Rnf2_1;1;Rnf2;Gcbox
NC_000067.6;TSS;152902645;-;1;Smg7_1;1;Smg7;Gcbox
NC_000067.6;TSS;153332742;-;1;Lamc1_1;1;Lamc1;Gcbox
NC_000067.6;TSS;153899946;+;1;Glul_1;1;Glul;Gcbox
NC_000067.6;TSS;155099632;-;1;Ier5_1;1;Ier5;Gcbox
NC_000067.6;TSS;156838925;+;1;Angptl1_1;1;Angptl1;Gcbox
NC_000067.6;TSS;160195260;+;1;Mrps14_1;1;Mrps14;Gcbox
NC_000067.6;TSS;160792850;-;1;Rabgap1l_1;1;Rabgap1l;Gcbox
NC_000067.6;TSS;161035166;+;1;Gas5_1;1;Gas5;Gcbox
NC_000067.6;TSS;164307471;-;1;Blzf1_1;1;Blzf1;Gcbox
NC_000067.6;TSS;164307726;+;1;Nme7_1;1;Nme7;Gcbox
NC_000067.6;TSS;164458356;-;1;Atp1b1_1;1;Atp1b1;Gcbox
NC_000067.6;TSS;165460452;-;1;Dcaf6_1;1;Dcaf6;Gcbox
NC_000067.6;TSS;167285058;-;1;Uck2_1;1;Uck2;Gcbox
NC_000067.6;TSS;170174789;-;1;Uap1_2;2;Uap1;Gcbox
NC_000067.6;TSS;170174946;-;1;Uap1_1;1;Uap1;Gcbox
NC_000067.6;TSS;171294947;-;1;Ufc1_2;2;Ufc1;Gcbox
NC_000067.6;TSS;171345699;+;1;Pfdn2_1;1;Pfdn2;Gcbox
NC_000067.6;TSS;172082518;+;1;Copa_2;2;Copa;Gcbox
NC_000067.6;TSS;172082828;+;1;Copa_1;1;Copa;Gcbox
NC_000067.6;TSS;172206708;-;1;Pea15a_1;1;Pea15a;Gcbox
NC_000067.6;TSS;172312387;+;1;Igsf8_1;1;Igsf8;Gcbox
NC_000067.6;TSS;172632937;-;1;Dusp23_1;1;Dusp23;Gcbox
NC_000067.6;TSS;174624227;+;1;Fmn2_2;2;Fmn2;Gcbox
NC_000067.6;TSS;175492522;-;1;Rgs7_1;1;Rgs7;Gcbox
NC_000067.6;TSS;178329186;-;1;Hnrnpu_2;2;Hnrnpu;Gcbox
NC_000067.6;TSS;178337785;-;1;Hnrnpu_1;1;Hnrnpu;Gcbox
NC_000067.6;TSS;180568921;+;1;Parp1_1;1;Parp1;Gcbox
NC_000067.6;TSS;180813561;-;1;H3f3a_1;1;H3f3a;Gcbox
NC_000067.6;TSS;181211952;-;1;Wdr26_1;1;Wdr26;Gcbox
NC_000067.6;TSS;182124789;+;1;Srp9_1;1;Srp9;Gcbox
NC_000067.6;TSS;182517457;-;1;Capn2_1;1;Capn2;Gcbox
NC_000067.6;TSS;185454925;+;1;Slc30a10_1;1;Slc30a10;Gcbox
NC_000067.6;TSS;189922297;-;1;Smyd2_1;1;Smyd2;Gcbox
NC_000067.6;TSS;190928850;+;1;Angel2_2;2;Angel2;Gcbox
NC_000067.6;TSS;191397033;-;1;Ppp2r5a_1;1;Ppp2r5a;Gcbox
NC_000067.6;TSS;191906815;+;1;Slc30a1_1;1;Slc30a1;Gcbox
NC_000068.7;TSS;3118439;+;1;Fam171a1_1;1;Fam171a1;Gcbox
NC_000068.7;TSS;4919053;+;1;Phyh_1;1;Phyh;Gcbox
NC_000068.7;TSS;5951499;+;1;Upf2_1;1;Upf2;Gcbox
NC_000068.7;TSS;9878590;-;1;Gata3_1;1;Gata3;Gcbox
NC_000068.7;TSS;10080432;-;1;Atp5c1_1;1;Atp5c1;Gcbox
NC_000068.7;TSS;18392785;-;1;Dnajc1_2;2;Dnajc1;Gcbox
NC_000068.7;TSS;22774381;+;1;Apbb1ip_1;1;Apbb1ip;Gcbox
NC_000068.7;TSS;23069449;+;1;Acbd5_3;3;Acbd5;Gcbox
NC_000068.7;TSS;23156518;+;1;Yme1l1_1;1;Yme1l1;Gcbox
NC_000068.7;TSS;24763171;-;1;Cacna1b_1;1;Cacna1b;Gcbox
NC_000068.7;TSS;25365624;-;1;Uap1l1_1;1;Uap1l1;Gcbox
NC_000068.7;TSS;25403142;+;1;Npdc1_1;1;Npdc1;Gcbox
NC_000068.7;TSS;26910806;+;1;Rpl7a_1;1;Rpl7a;Gcbox
NC_000068.7;TSS;28193227;+;1;Olfm1_2;2;Olfm1;Gcbox
NC_000068.7;TSS;28205657;+;1;Olfm1_1;1;Olfm1;Gcbox
NC_000068.7;TSS;29889820;+;1;Odf2_1;1;Odf2;Gcbox
NC_000068.7;TSS;29890075;+;1;Odf2_2;2;Odf2;Gcbox
NC_000068.7;TSS;29914448;+;1;Odf2_3;3;Odf2;Gcbox
NC_000068.7;TSS;30062099;+;1;Set_2;2;Set;Gcbox
NC_000068.7;TSS;30066523;+;1;Set_1;1;Set;Gcbox
NC_000068.7;TSS;30133858;+;1;Tbc1d13_1;1;Tbc1d13;Gcbox
NC_000068.7;TSS;30286323;-;1;Dolk_1;1;Dolk;Gcbox
NC_000068.7;TSS;31245846;+;1;Ncs1_1;1;Ncs1;Gcbox
NC_000068.7;TSS;32151129;+;1;Prrc2b_1;1;Prrc2b;Gcbox
NC_000068.7;TSS;32183032;+;1;Prrc2b_2;2;Prrc2b;Gcbox
NC_000068.7;TSS;32260075;-;1;Uck1_1;1;Uck1;Gcbox
NC_000068.7;TSS;32288036;-;1;Swi5_1;1;Swi5;Gcbox
NC_000068.7;TSS;32570878;+;1;Dpm2_1;1;Dpm2;Gcbox
NC_000068.7;TSS;32628449;+;1;Ak1_2;2;Ak1;Gcbox
NC_000068.7;TSS;32847206;-;1;Stxbp1_1;1;Stxbp1;Gcbox
NC_000068.7;TSS;32961714;+;1;Rpl12_1;1;Rpl12;Gcbox
NC_000068.7;TSS;33457601;-;1;Zbtb43_2;2;Zbtb43;Gcbox
NC_000068.7;TSS;33468553;-;1;Zbtb43_1;1;Zbtb43;Gcbox
NC_000068.7;TSS;33887869;-;1;Mvb12b_1;1;Mvb12b;Gcbox
NC_000068.7;TSS;34772092;+;1;Hspa5_1;1;Hspa5;Gcbox
NC_000068.7;TSS;35200977;-;1;Rab14_1;1;Rab14;Gcbox
NC_000068.7;TSS;35266840;+;1;Gsn_2;2;Gsn;Gcbox
NC_000068.7;TSS;37422939;-;1;Rc3h2_1;1;Rc3h2;Gcbox
NC_000068.7;TSS;37443290;+;1;Rabgap1_1;1;Rabgap1;Gcbox
NC_000068.7;TSS;37452246;+;1;Rabgap1_2;2;Rabgap1;Gcbox
NC_000068.7;TSS;37703314;-;1;Strbp_1;1;Strbp;Gcbox
NC_000068.7;TSS;39005125;-;1;Rpl35_1;1;Rpl35;Gcbox
NC_000068.7;TSS;49619305;+;1;Kif5c_1;1;Kif5c;Gcbox
NC_000068.7;TSS;52424871;-;1;Arl5a_1;1;Arl5a;Gcbox
NC_000068.7;TSS;52676093;-;1;Cacnb4_1;1;Cacnb4;Gcbox
NC_000068.7;TSS;62664327;+;1;Gca_1;1;Gca;Gcbox
NC_000068.7;TSS;65567473;-;1;Scn3a_1;1;Scn3a;Gcbox
NC_000068.7;TSS;68366533;-;1;Stk39_2;2;Stk39;Gcbox
NC_000068.7;TSS;69861619;+;1;Ssb_1;1;Ssb;Gcbox
NC_000068.7;TSS;69862178;+;1;Ssb_2;2;Ssb;Gcbox
NC_000068.7;TSS;69897284;+;1;Ubr3_1;1;Ubr3;Gcbox
NC_000068.7;TSS;70562181;+;1;Gad1_1;1;Gad1;Gcbox
NC_000068.7;TSS;71118051;+;1;Cybrd1_1;1;Cybrd1;Gcbox
NC_000068.7;TSS;71873318;+;1;Pdk1_1;1;Pdk1;Gcbox
NC_000068.7;TSS;71981267;+;1;Rapgef4_1;1;Rapgef4;Gcbox
NC_000068.7;TSS;72979281;-;1;Sp3_2;2;Sp3;Gcbox
NC_000068.7;TSS;76675302;+;1;Plekha3_1;1;Plekha3;Gcbox
NC_000068.7;TSS;84678066;-;1;Tmx2_1;1;Tmx2;Gcbox
NC_000068.7;TSS;90580595;-;1;Ptprj_1;1;Ptprj;Gcbox
NC_000068.7;TSS;91457526;+;1;Lrp4_1;1;Lrp4;Gcbox
NC_000068.7;TSS;91476364;+;1;Lrp4_2;2;Lrp4;Gcbox
NC_000068.7;TSS;91963639;-;1;Dgkz_1;1;Dgkz;Gcbox
NC_000068.7;TSS;92915101;+;1;Syt13_1;1;Syt13;Gcbox
NC_000068.7;TSS;104027860;+;1;Fbxo3_1;1;Fbxo3;Gcbox
NC_000068.7;TSS;105675643;+;1;Pax6_2;2;Pax6;Gcbox
NC_000068.7;TSS;106693491;+;1;Mpped2_1;1;Mpped2;Gcbox
NC_000068.7;TSS;110950261;-;1;Ano3_1;1;Ano3;Gcbox
NC_000068.7;TSS;112284588;+;1;Slc12a6_1;1;Slc12a6;Gcbox
NC_000068.7;TSS;113829029;-;1;Scg5_1;1;Scg5;Gcbox
NC_000068.7;TSS;118111893;+;1;Thbs1_1;1;Thbs1;Gcbox
NC_000068.7;TSS;118112282;+;1;Thbs1_2;2;Thbs1;Gcbox
NC_000068.7;TSS;118779749;+;1;Disp2_1;1;Disp2;Gcbox
NC_000068.7;TSS;120404078;-;1;Tmem87a_1;1;Tmem87a;Gcbox
NC_000068.7;TSS;120539860;-;1;Zfp106_2;2;Zfp106;Gcbox
NC_000068.7;TSS;121295463;+;1;Map1a_1;1;Map1a;Gcbox
NC_000068.7;TSS;122118336;-;1;Spg11_1;1;Spg11;Gcbox
NC_000068.7;TSS;125866260;+;1;Galk2_1;1;Galk2;Gcbox
NC_000068.7;TSS;129592866;+;1;Sirpa_1;1;Sirpa;Gcbox
NC_000068.7;TSS;130274446;+;1;Nop56_1;1;Nop56;Gcbox
NC_000068.7;TSS;130563742;+;1;Mrps26_1;1;Mrps26;Gcbox
NC_000068.7;TSS;131909968;+;1;Prnp_1;1;Prnp;Gcbox
NC_000068.7;TSS;132263200;+;1;Cds2_2;2;Cds2;Gcbox
NC_000068.7;TSS;132263304;+;1;Cds2_1;1;Cds2;Gcbox
NC_000068.7;TSS;134644134;-;1;Tmx4_1;1;Tmx4;Gcbox
NC_000068.7;TSS;136713454;+;1;Snap25_1;1;Snap25;Gcbox
NC_000068.7;TSS;138256629;+;1;Btbd3_2;2;Btbd3;Gcbox
NC_000068.7;TSS;140671448;-;1;Flrt3_1;1;Flrt3;Gcbox
NC_000068.7;TSS;143546162;+;1;Pcsk2_1;1;Pcsk2;Gcbox
NC_000068.7;TSS;146512038;-;1;Ralgapa2_1;1;Ralgapa2;Gcbox
NC_000068.7;TSS;148732394;-;1;Napb_1;1;Napb;Gcbox
NC_000068.7;TSS;148875468;-;1;Cst3_1;1;Cst3;Gcbox
NC_000068.7;TSS;150218113;+;1;Zfp937_1;1;Zfp937;Gcbox
NC_000068.7;TSS;150904663;-;1;Abhd12_1;1;Abhd12;Gcbox
NC_000068.7;TSS;151494291;+;1;Nsfl1c_1;1;Nsfl1c;Gcbox
NC_000068.7;TSS;153741343;+;1;Mapre1_1;1;Mapre1;Gcbox
NC_000068.7;TSS;154436469;+;1;Cbfa2t2_1;1;Cbfa2t2;Gcbox
NC_000068.7;TSS;155473806;-;1;Ncoa6_1;1;Ncoa6;Gcbox
NC_000068.7;TSS;155518066;+;1;Acss2_1;1;Acss2;Gcbox
NC_000068.7;TSS;156008107;+;1;Ergic3_1;1;Ergic3;Gcbox
NC_000068.7;TSS;157424291;+;1;Src_1;1;Src;Gcbox
NC_000068.7;TSS;157914644;+;1;Vstm2l_1;1;Vstm2l;Gcbox
NC_000068.7;TSS;158375713;+;1;Snhg11_1;1;Snhg11;Gcbox
NC_000068.7;TSS;163645088;-;1;Serinc3_1;1;Serinc3;Gcbox
NC_000068.7;TSS;164071102;-;1;Tomm34_1;1;Tomm34;Gcbox
NC_000068.7;TSS;164804831;-;1;Acot8_1;1;Acot8;Gcbox
NC_000068.7;TSS;165326469;-;1;Elmo2_1;1;Elmo2;Gcbox
NC_000068.7;TSS;165992660;+;1;Ncoa3_1;1;Ncoa3;Gcbox
NC_000068.7;TSS;166805590;+;1;Arfgef2_1;1;Arfgef2;Gcbox
NC_000068.7;TSS;167101577;-;1;BC054394_1;1;BC054394;Gcbox
NC_000068.7;TSS;167349176;-;1;B4galt5_1;1;B4galt5;Gcbox
NC_000068.7;TSS;168742085;-;1;Atp9a_3;3;Atp9a;Gcbox
NC_000068.7;TSS;173000338;+;1;Rae1_2;2;Rae1;Gcbox
NC_000068.7;TSS;174284320;+;1;Gnas_3;3;Gnas;Gcbox
NC_000068.7;TSS;174330119;+;1;Gnas_1;1;Gnas;Gcbox
NC_000068.7;TSS;174415833;+;1;Nelfcd_1;1;Nelfcd;Gcbox
NC_000068.7;TSS;174464089;-;1;Atp5e_1;1;Atp5e;Gcbox
NC_000068.7;TSS;180024977;+;1;Lsm14b_1;1;Lsm14b;Gcbox
NC_000068.7;TSS;181520551;+;1;Dnajc5_1;1;Dnajc5;Gcbox
NC_000069.6;TSS;8666970;-;1;Hey1_1;1;Hey1;Gcbox
NC_000069.6;TSS;10012591;+;1;Fabp5_1;1;Fabp5;Gcbox
NC_000069.6;TSS;28263380;+;1;Tnik_1;1;Tnik;Gcbox
NC_000069.6;TSS;28805511;+;1;Rpl22l1_1;1;Rpl22l1;Gcbox
NC_000069.6;TSS;29082563;+;1;Egfem1_1;1;Egfem1;Gcbox
NC_000069.6;TSS;31310311;-;1;Slc7a14_1;1;Slc7a14;Gcbox
NC_000069.6;TSS;32365662;-;1;Zmat3_1;1;Zmat3;Gcbox
NC_000069.6;TSS;32737062;+;1;Ndufb5_1;1;Ndufb5;Gcbox
NC_000069.6;TSS;32737076;+;1;AK165361_1;1;AK165361;Gcbox
NC_000069.6;TSS;33800209;+;1;Ttc14_1;1;Ttc14;Gcbox
NC_000069.6;TSS;35754128;+;1;Atp11b_1;1;Atp11b;Gcbox
NC_000069.6;TSS;45378406;+;1;Pcdh10_1;1;Pcdh10;Gcbox
NC_000069.6;TSS;54156066;+;1;Trpc4_1;1;Trpc4;Gcbox
NC_000069.6;TSS;55242569;+;1;Dclk1_1;1;Dclk1;Gcbox
NC_000069.6;TSS;55461911;+;1;Dclk1_2;2;Dclk1;Gcbox
NC_000069.6;TSS;56183750;-;1;Nbea_1;1;Nbea;Gcbox
NC_000069.6;TSS;57736082;+;1;Rnf13_1;1;Rnf13;Gcbox
NC_000069.6;TSS;58525753;-;1;Serp1_1;1;Serp1;Gcbox
NC_000069.6;TSS;58526043;+;1;Eif2a_1;1;Eif2a;Gcbox
NC_000069.6;TSS;60501265;+;1;Mbnl1_1;1;Mbnl1;Gcbox
NC_000069.6;TSS;65528447;+;1;Tiparp_1;1;Tiparp;Gcbox
NC_000069.6;TSS;65958181;-;1;Ccnl1_1;1;Ccnl1;Gcbox
NC_000069.6;TSS;75556809;-;1;Pdcd10_1;1;Pdcd10;Gcbox
NC_000069.6;TSS;75956920;-;1;Golim4_1;1;Golim4;Gcbox
NC_000069.6;TSS;79145924;-;1;Rapgef2_2;2;Rapgef2;Gcbox
NC_000069.6;TSS;82358175;+;1;Map9_1;1;Map9;Gcbox
NC_000069.6;TSS;84952286;+;1;Fbxw7_2;2;Fbxw7;Gcbox
NC_000069.6;TSS;87906400;+;1;Hdgf_1;1;Hdgf;Gcbox
NC_000069.6;TSS;88297123;+;1;Cct3_1;1;Cct3;Gcbox
NC_000069.6;TSS;88579641;+;1;Ssr2_1;1;Ssr2;Gcbox
NC_000069.6;TSS;88772514;-;1;Syt11_1;1;Syt11;Gcbox
NC_000069.6;TSS;88950439;+;1;Ash1l_1;1;Ash1l;Gcbox
NC_000069.6;TSS;89101890;-;1;Fdps_1;1;Fdps;Gcbox
NC_000069.6;TSS;89730758;+;1;Adar_2;2;Adar;Gcbox
NC_000069.6;TSS;89735699;+;1;Adar_3;3;Adar;Gcbox
NC_000069.6;TSS;90433588;-;1;Ints3_2;2;Ints3;Gcbox
NC_000069.6;TSS;90491001;-;1;Snapin_1;1;Snapin;Gcbox
NC_000069.6;TSS;94478335;+;1;Celf3_1;1;Celf3;Gcbox
NC_000069.6;TSS;94837713;+;1;Pogz_1;1;Pogz;Gcbox
NC_000069.6;TSS;94956287;+;1;Rfx5_2;2;Rfx5;Gcbox
NC_000069.6;TSS;95042569;-;1;Psmd4_1;1;Psmd4;Gcbox
NC_000069.6;TSS;95160494;+;1;Sema6c_1;1;Sema6c;Gcbox
NC_000069.6;TSS;95164332;+;1;Sema6c_2;2;Sema6c;Gcbox
NC_000069.6;TSS;96181194;+;1;Sv2a_1;1;Sv2a;Gcbox
NC_000069.6;TSS;97227393;-;1;Bcl9_1;1;Bcl9;Gcbox
NC_000069.6;TSS;97868248;-;1;Pde4dip_1;1;Pde4dip;Gcbox
NC_000069.6;TSS;97888781;-;1;Pde4dip_3;3;Pde4dip;Gcbox
NC_000069.6;TSS;97901227;+;1;Sec22b_1;1;Sec22b;Gcbox
NC_000069.6;TSS;98013541;+;1;Notch2_1;1;Notch2;Gcbox
NC_000069.6;TSS;100685440;-;1;Man1a2_1;1;Man1a2;Gcbox
NC_000069.6;TSS;102734968;+;1;Tspan2_1;1;Tspan2;Gcbox
NC_000069.6;TSS;103968368;+;1;Phtf1_1;1;Phtf1;Gcbox
NC_000069.6;TSS;104220372;-;1;Magi3_1;1;Magi3;Gcbox
NC_000069.6;TSS;105801307;-;1;Rap1a_1;1;Rap1a;Gcbox
NC_000069.6;TSS;105959503;+;1;Wdr77_1;1;Wdr77;Gcbox
NC_000069.6;TSS;107101615;+;1;Kcna2_1;1;Kcna2;Gcbox
NC_000069.6;TSS;107895924;+;1;Gstm5_1;1;Gstm5;Gcbox
NC_000069.6;TSS;108200436;-;1;Cyb561d1_1;1;Cyb561d1;Gcbox
NC_000069.6;TSS;108591360;+;1;Wdr47_1;1;Wdr47;Gcbox
NC_000069.6;TSS;116595010;+;1;Sass6_1;1;Sass6;Gcbox
NC_000069.6;TSS;121426519;+;1;Cnn3_1;1;Cnn3;Gcbox
NC_000069.6;TSS;121449753;+;1;Cnn3_2;2;Cnn3;Gcbox
NC_000069.6;TSS;121723609;+;1;F3_1;1;F3;Gcbox
NC_000069.6;TSS;122274409;+;1;Dnttip2_1;1;Dnttip2;Gcbox
NC_000069.6;TSS;122619690;-;1;Fnbp1l_1;1;Fnbp1l;Gcbox
NC_000069.6;TSS;127162336;-;1;Ank2_3;3;Ank2;Gcbox
NC_000069.6;TSS;131564865;+;1;Papss1_1;1;Papss1;Gcbox
NC_000069.6;TSS;133310133;+;1;Ppa2_1;1;Ppa2;Gcbox
NC_000069.6;TSS;133506672;-;1;Tet2_2;2;Tet2;Gcbox
NC_000069.6;TSS;133544292;-;1;Tet2_1;1;Tet2;Gcbox
NC_000069.6;TSS;135439429;+;1;Ube2d3_2;2;Ube2d3;Gcbox
NC_000069.6;TSS;136670153;+;1;Ppp3ca_1;1;Ppp3ca;Gcbox
NC_000069.6;TSS;136670688;+;1;Ppp3ca_2;2;Ppp3ca;Gcbox
NC_000069.6;TSS;138443110;+;1;Adh5_1;1;Adh5;Gcbox
NC_000069.6;TSS;138742273;+;1;Tspan5_1;1;Tspan5;Gcbox
NC_000069.6;TSS;139075229;-;1;Rap1gds1_1;1;Rap1gds1;Gcbox
NC_000069.6;TSS;144720145;-;1;Sh3glb1_2;2;Sh3glb1;Gcbox
NC_000069.6;TSS;144720378;-;1;Sh3glb1_1;1;Sh3glb1;Gcbox
NC_000069.6;TSS;146404864;+;1;Ssx2ip_2;2;Ssx2ip;Gcbox
NC_000069.6;TSS;152193757;-;1;Dnajb4_1;1;Dnajb4;Gcbox
NC_000069.6;TSS;153944444;-;1;Acadm_1;1;Acadm;Gcbox
NC_000070.6;TSS;5644227;+;1;Fam110b_1;1;Fam110b;Gcbox
NC_000070.6;TSS;5786675;+;1;Fam110b_3;3;Fam110b;Gcbox
NC_000070.6;TSS;8535661;+;1;Rab2a_1;1;Rab2a;Gcbox
NC_000070.6;TSS;8535825;+;1;Rab2a_2;2;Rab2a;Gcbox
NC_000070.6;TSS;9651335;-;1;Asph_3;3;Asph;Gcbox
NC_000070.6;TSS;9669085;-;1;Asph_1;1;Asph;Gcbox
NC_000070.6;TSS;13751212;+;1;Runx1t1_2;2;Runx1t1;Gcbox
NC_000070.6;TSS;15881264;+;1;Calb1_1;1;Calb1;Gcbox
NC_000070.6;TSS;36951732;-;1;Lingo2_1;1;Lingo2;Gcbox
NC_000070.6;TSS;40143482;+;1;Aco1_1;1;Aco1;Gcbox
NC_000070.6;TSS;40279354;-;1;Ndufb6_1;1;Ndufb6;Gcbox
NC_000070.6;TSS;40702910;-;1;Aptx_2;2;Aptx;Gcbox
NC_000070.6;TSS;40722533;+;1;Dnaja1_1;1;Dnaja1;Gcbox
NC_000070.6;TSS;40970989;+;1;Nfx1_1;1;Nfx1;Gcbox
NC_000070.6;TSS;41773534;-;1;Ccl27a_3;3;Ccl27a;Gcbox
NC_000070.6;TSS;41774167;-;1;Ccl27a_1;1;Ccl27a;Gcbox
NC_000070.6;TSS;42949918;+;1;Dnajb5_1;1;Dnajb5;Gcbox
NC_000070.6;TSS;42950403;+;1;Dnajb5_2;2;Dnajb5;Gcbox
NC_000070.6;TSS;43000434;-;1;Vcp_1;1;Vcp;Gcbox
NC_000070.6;TSS;43383481;+;1;Rusc2_3;3;Rusc2;Gcbox
NC_000070.6;TSS;43406574;+;1;Rusc2_2;2;Rusc2;Gcbox
NC_000070.6;TSS;44012674;+;1;Clta_1;1;Clta;Gcbox
NC_000070.6;TSS;46451086;+;1;Anp32b_1;1;Anp32b;Gcbox
NC_000070.6;TSS;48585178;+;1;Tmeff1_1;1;Tmeff1;Gcbox
NC_000070.6;TSS;53826050;+;1;Tmem38b_1;1;Tmem38b;Gcbox
NC_000070.6;TSS;55350060;+;1;Rad23b_1;1;Rad23b;Gcbox
NC_000070.6;TSS;62208448;-;1;Zfp37_1;1;Zfp37;Gcbox
NC_000070.6;TSS;62408791;+;1;Prpf4_1;1;Prpf4;Gcbox
NC_000070.6;TSS;63544842;+;1;Atp6v1g1_1;1;Atp6v1g1;Gcbox
NC_000070.6;TSS;76449779;-;1;Ptprd_1;1;Ptprd;Gcbox
NC_000070.6;TSS;80834308;+;1;Tyrp1_1;1;Tyrp1;Gcbox
NC_000070.6;TSS;85205477;+;1;Sh3gl2_1;1;Sh3gl2;Gcbox
NC_000070.6;TSS;88094625;+;1;Focad_1;1;Focad;Gcbox
NC_000070.6;TSS;98383254;-;1;Tm2d1_1;1;Tm2d1;Gcbox
NC_000070.6;TSS;101507996;+;1;Dnajc6_3;3;Dnajc6;Gcbox
NC_000070.6;TSS;106561082;+;1;Dhcr24_1;1;Dhcr24;Gcbox
NC_000070.6;TSS;106911492;+;1;Ssbp3_1;1;Ssbp3;Gcbox
NC_000070.6;TSS;107178716;+;1;Tmem59_1;1;Tmem59;Gcbox
NC_000070.6;TSS;108301079;-;1;Zyg11b_1;1;Zyg11b;Gcbox
NC_000070.6;TSS;108879110;+;1;Rab3b_1;1;Rab3b;Gcbox
NC_000070.6;TSS;109000903;+;1;Nrd1_2;2;Nrd1;Gcbox
NC_000070.6;TSS;109202234;-;1;Osbpl9_1;1;Osbpl9;Gcbox
NC_000070.6;TSS;110351920;-;1;Elavl4_2;2;Elavl4;Gcbox
NC_000070.6;TSS;114987149;-;1;Cmpk1_1;1;Cmpk1;Gcbox
NC_000070.6;TSS;116464219;-;1;Mast2_1;1;Mast2;Gcbox
NC_000070.6;TSS;116557713;+;1;Gpbp1l1_1;1;Gpbp1l1;Gcbox
NC_000070.6;TSS;117156084;-;1;Rps8_1;1;Rps8;Gcbox
NC_000070.6;TSS;117289442;-;1;Rnf220_1;1;Rnf220;Gcbox
NC_000070.6;TSS;118291369;-;1;Ptprf_1;1;Ptprf;Gcbox
NC_000070.6;TSS;120570224;-;1;Ctps_1;1;Ctps;Gcbox
NC_000070.6;TSS;123282786;+;1;Pabpc4_1;1;Pabpc4;Gcbox
NC_000070.6;TSS;123750280;-;1;Akirin1_1;1;Akirin1;Gcbox
NC_000070.6;TSS;124657654;+;1;Pou3f1_1;1;Pou3f1;Gcbox
NC_000070.6;TSS;124741864;+;1;Inpp5b_1;1;Inpp5b;Gcbox
NC_000070.6;TSS;124751626;+;1;Inpp5b_2;2;Inpp5b;Gcbox
NC_000070.6;TSS;126533447;-;1;Ago4_1;1;Ago4;Gcbox
NC_000070.6;TSS;126753549;+;1;AU040320_3;3;AU040320;Gcbox
NC_000070.6;TSS;126753811;+;1;AU040320_1;1;AU040320;Gcbox
NC_000070.6;TSS;127077396;+;1;Zmym6_1;1;Zmym6;Gcbox
NC_000070.6;TSS;129105616;+;1;Tmem54_1;1;Tmem54;Gcbox
NC_000070.6;TSS;129121246;-;1;Hpca_1;1;Hpca;Gcbox
NC_000070.6;TSS;129136964;+;1;Fndc5_1;1;Fndc5;Gcbox
NC_000070.6;TSS;129335307;-;1;Rbbp4_1;1;Rbbp4;Gcbox
NC_000070.6;TSS;129820209;+;1;Ptp4a2_2;2;Ptp4a2;Gcbox
NC_000070.6;TSS;130792602;+;1;Sdc3_1;1;Sdc3;Gcbox
NC_000070.6;TSS;131873639;+;1;Srsf4_1;1;Srsf4;Gcbox
NC_000070.6;TSS;132212109;-;1;Ythdf2_1;1;Ythdf2;Gcbox
NC_000070.6;TSS;132533585;-;1;Atpif1_1;1;Atpif1;Gcbox
NC_000070.6;TSS;133498521;-;1;Trnp1_1;1;Trnp1;Gcbox
NC_000070.6;TSS;133967922;-;1;Hmgn2_1;1;Hmgn2;Gcbox
NC_000070.6;TSS;134468399;+;1;Stmn1_1;1;Stmn1;Gcbox
NC_000070.6;TSS;134535290;-;1;Mtfr1l_1;1;Mtfr1l;Gcbox
NC_000070.6;TSS;134704247;-;1;Man1c1_1;1;Man1c1;Gcbox
NC_000070.6;TSS;134914996;-;1;Tmem50a_1;1;Tmem50a;Gcbox
NC_000070.6;TSS;135120653;+;1;Runx3_2;2;Runx3;Gcbox
NC_000070.6;TSS;135152545;+;1;Runx3_1;1;Runx3;Gcbox
NC_000070.6;TSS;135272763;-;1;Clic4_1;1;Clic4;Gcbox
NC_000070.6;TSS;135494532;-;1;Nipal3_1;1;Nipal3;Gcbox
NC_000070.6;TSS;136053375;-;1;Rpl11_1;1;Rpl11;Gcbox
NC_000070.6;TSS;137277589;+;1;Wnt4_1;1;Wnt4;Gcbox
NC_000070.6;TSS;137707494;+;1;Rap1gap_2;2;Rap1gap;Gcbox
NC_000070.6;TSS;137994051;+;1;Eif4g3_2;2;Eif4g3;Gcbox
NC_000070.6;TSS;138216635;+;1;Hp1bp3_1;1;Hp1bp3;Gcbox
NC_000070.6;TSS;141874909;-;1;Efhd2_1;1;Efhd2;Gcbox
NC_000070.6;TSS;142239401;-;1;Kazn_1;1;Kazn;Gcbox
NC_000070.6;TSS;149099824;-;1;Pex14_1;1;Pex14;Gcbox
NC_000070.6;TSS;149307692;-;1;Kif1b_1;1;Kif1b;Gcbox
NC_000070.6;TSS;149426410;-;1;Ube4b_2;2;Ube4b;Gcbox
NC_000070.6;TSS;149426617;-;1;Ube4b_1;1;Ube4b;Gcbox
NC_000070.6;TSS;151129430;-;1;Camta1_2;2;Camta1;Gcbox
NC_000070.6;TSS;152008913;+;1;Klhl21_1;1;Klhl21;Gcbox
NC_000070.6;TSS;152178181;+;1;Acot7_2;2;Acot7;Gcbox
NC_000070.6;TSS;152186191;+;1;Acot7_1;1;Acot7;Gcbox
NC_000070.6;TSS;152325863;+;1;Rpl22_1;1;Rpl22;Gcbox
NC_000070.6;TSS;152448741;-;1;Kcnab2_1;1;Kcnab2;Gcbox
NC_000070.6;TSS;152477473;-;1;Kcnab2_2;2;Kcnab2;Gcbox
NC_000070.6;TSS;154160666;-;1;Tprgl_1;1;Tprgl;Gcbox
NC_000070.6;TSS;155398071;-;1;Gabrd_1;1;Gabrd;Gcbox
NC_000070.6;TSS;155491379;+;1;Gnb1_1;1;Gnb1;Gcbox
NC_000070.6;TSS;155669197;-;1;Mib2_1;1;Mib2;Gcbox
NC_000070.6;TSS;155812507;+;1;Ccnl2_1;1;Ccnl2;Gcbox
NC_000070.6;TSS;155891868;+;1;Acap3_1;1;Acap3;Gcbox
NC_000070.6;TSS;155993241;+;1;Sdf4_1;1;Sdf4;Gcbox
NC_000071.6;TSS;5694042;-;1;Steap2_1;1;Steap2;Gcbox
NC_000071.6;TSS;8996625;-;1;Crot_2;2;Crot;Gcbox
NC_000071.6;TSS;8997146;-;1;Crot_1;1;Crot;Gcbox
NC_000071.6;TSS;9161716;-;1;Dmtf1_1;1;Dmtf1;Gcbox
NC_000071.6;TSS;9725157;-;1;Grm3_2;2;Grm3;Gcbox
NC_000071.6;TSS;14514977;+;1;Pclo_1;1;Pclo;Gcbox
NC_000071.6;TSS;15934739;+;1;Cacna2d1_1;1;Cacna2d1;Gcbox
NC_000071.6;TSS;24329592;-;1;Kcnh2_2;2;Kcnh2;Gcbox
NC_000071.6;TSS;24351695;-;1;Kcnh2_1;1;Kcnh2;Gcbox
NC_000071.6;TSS;24685841;+;1;Nub1_2;2;Nub1;Gcbox
NC_000071.6;TSS;24685987;+;1;Nub1_1;1;Nub1;Gcbox
NC_000071.6;TSS;24995754;-;1;Prkag2_3;3;Prkag2;Gcbox
NC_000071.6;TSS;25100638;-;1;Prkag2_2;2;Prkag2;Gcbox
NC_000071.6;TSS;28071364;+;1;Insig1_1;1;Insig1;Gcbox
NC_000071.6;TSS;30073581;-;1;Tyms_1;1;Tyms;Gcbox
NC_000071.6;TSS;30711887;+;1;Dpysl5_1;1;Dpysl5;Gcbox
NC_000071.6;TSS;30814733;+;1;Mapre3_1;1;Mapre3;Gcbox
NC_000071.6;TSS;31613972;+;1;Mrpl33_1;1;Mrpl33;Gcbox
NC_000071.6;TSS;32746326;-;1;Pisd_2;2;Pisd;Gcbox
NC_000071.6;TSS;32785626;-;1;Pisd_1;1;Pisd;Gcbox
NC_000071.6;TSS;33018878;+;1;Ywhah_1;1;Ywhah;Gcbox
NC_000071.6;TSS;34369951;+;1;Fam193a_1;1;Fam193a;Gcbox
NC_000071.6;TSS;34573732;+;1;Add1_1;1;Add1;Gcbox
NC_000071.6;TSS;36796730;-;1;Mrfap1_1;1;Mrfap1;Gcbox
NC_000071.6;TSS;43782118;-;1;Fbxl5_1;1;Fbxl5;Gcbox
NC_000071.6;TSS;52190510;-;1;Dhx15_1;1;Dhx15;Gcbox
NC_000071.6;TSS;53590507;+;1;Rbpj_2;2;Rbpj;Gcbox
NC_000071.6;TSS;53590690;+;1;Rbpj_4;4;Rbpj;Gcbox
NC_000071.6;TSS;63968822;-;1;Rell1_1;1;Rell1;Gcbox
NC_000071.6;TSS;65199717;+;1;Wdr19_1;1;Wdr19;Gcbox
NC_000071.6;TSS;65391400;-;1;Rpl9_1;1;Rpl9;Gcbox
NC_000071.6;TSS;65537297;+;1;Ube2k_1;1;Ube2k;Gcbox
NC_000071.6;TSS;66676243;+;1;Uchl1_1;1;Uchl1;Gcbox
NC_000071.6;TSS;67306964;+;1;Slc30a9_1;1;Slc30a9;Gcbox
NC_000071.6;TSS;67847368;-;1;Atp8a1_1;1;Atp8a1;Gcbox
NC_000071.6;TSS;72914419;+;1;Slain2_1;1;Slain2;Gcbox
NC_000071.6;TSS;73292813;+;1;Ociad1_1;1;Ociad1;Gcbox
NC_000071.6;TSS;73491079;+;1;Dcun1d4_1;1;Dcun1d4;Gcbox
NC_000071.6;TSS;73647737;-;1;Sgcb_1;1;Sgcb;Gcbox
NC_000071.6;TSS;76304747;-;1;Clock_1;1;Clock;Gcbox
NC_000071.6;TSS;84417382;-;1;Epha5_1;1;Epha5;Gcbox
NC_000071.6;TSS;88565040;+;1;Rufy3_1;1;Rufy3;Gcbox
NC_000071.6;TSS;88675548;-;1;Grsf1_2;2;Grsf1;Gcbox
NC_000071.6;TSS;88676171;-;1;Grsf1_1;1;Grsf1;Gcbox
NC_000071.6;TSS;92137963;+;1;Uso1_1;1;Uso1;Gcbox
NC_000071.6;TSS;92155025;+;1;Uso1_2;2;Uso1;Gcbox
NC_000071.6;TSS;93205716;-;1;Ccni_2;2;Ccni;Gcbox
NC_000071.6;TSS;102069914;-;1;Wdfy3_1;1;Wdfy3;Gcbox
NC_000071.6;TSS;103692441;+;1;Aff1_1;1;Aff1;Gcbox
NC_000071.6;TSS;107875064;-;1;Evi5_2;2;Evi5;Gcbox
NC_000071.6;TSS;108065716;+;1;Mtf2_1;1;Mtf2;Gcbox
NC_000071.6;TSS;108549974;-;1;Cplx1_1;1;Cplx1;Gcbox
NC_000071.6;TSS;108629750;-;1;Gak_1;1;Gak;Gcbox
NC_000071.6;TSS;109558967;-;1;Crlf2_1;1;Crlf2;Gcbox
NC_000071.6;TSS;109996529;+;1;Zfp932_1;1;Zfp932;Gcbox
NC_000071.6;TSS;110135878;+;1;Chfr_1;1;Chfr;Gcbox
NC_000071.6;TSS;113015490;-;1;Grk3_1;1;Grk3;Gcbox
NC_000071.6;TSS;113772801;+;1;Iscu_1;1;Iscu;Gcbox
NC_000071.6;TSS;114100334;+;1;Usp30_1;1;Usp30;Gcbox
NC_000071.6;TSS;114130438;+;1;Ung_2;2;Ung;Gcbox
NC_000071.6;TSS;114131192;+;1;Ung_1;1;Ung;Gcbox
NC_000071.6;TSS;114380607;+;1;Ube3b_1;1;Ube3b;Gcbox
NC_000071.6;TSS;114444469;+;1;Mvk_1;1;Mvk;Gcbox
NC_000071.6;TSS;115194307;-;1;Cabp1_1;1;Cabp1;Gcbox
NC_000071.6;TSS;115272892;-;1;Rnf10_1;1;Rnf10;Gcbox
NC_000071.6;TSS;115300934;-;1;Dynll1_1;1;Dynll1;Gcbox
NC_000071.6;TSS;115327183;+;1;Srsf9_1;1;Srsf9;Gcbox
NC_000071.6;TSS;117120156;+;1;Taok3_1;1;Taok3;Gcbox
NC_000071.6;TSS;117133634;+;1;Taok3_2;2;Taok3;Gcbox
NC_000071.6;TSS;117357312;+;1;Wsb2_1;1;Wsb2;Gcbox
NC_000071.6;TSS;118560704;+;1;Med13l_1;1;Med13l;Gcbox
NC_000071.6;TSS;120503618;-;1;Plbd2_1;1;Plbd2;Gcbox
NC_000071.6;TSS;120711653;-;1;Dtx1_1;1;Dtx1;Gcbox
NC_000071.6;TSS;121204534;+;1;Rpl6_1;1;Rpl6;Gcbox
NC_000071.6;TSS;121916823;-;1;Cux2_2;2;Cux2;Gcbox
NC_000071.6;TSS;122502208;-;1;Atp2a2_1;1;Atp2a2;Gcbox
NC_000071.6;TSS;122779366;-;1;Camkk2_1;1;Camkk2;Gcbox
NC_000071.6;TSS;122821280;-;1;Anapc5_1;1;Anapc5;Gcbox
NC_000071.6;TSS;122900347;-;1;Kdm2b_1;1;Kdm2b;Gcbox
NC_000071.6;TSS;124032260;-;1;Vps37b_1;1;Vps37b;Gcbox
NC_000071.6;TSS;124079078;-;1;Abcb9_2;2;Abcb9;Gcbox
NC_000071.6;TSS;124095792;-;1;Abcb9_1;1;Abcb9;Gcbox
NC_000071.6;TSS;125475873;+;1;Aacs_1;1;Aacs;Gcbox
NC_000071.6;TSS;129020218;+;1;Ran_1;1;Ran;Gcbox
NC_000071.6;TSS;129887289;-;1;Chchd2_1;1;Chchd2;Gcbox
NC_000071.6;TSS;130257060;+;1;Tyw1_1;1;Tyw1;Gcbox
NC_000071.6;TSS;131538706;-;1;Auts2_1;1;Auts2;Gcbox
NC_000071.6;TSS;134314533;-;1;Gtf2i_2;2;Gtf2i;Gcbox
NC_000071.6;TSS;134314651;-;1;Gtf2i_1;1;Gtf2i;Gcbox
NC_000071.6;TSS;134456256;-;1;Gtf2ird1_2;2;Gtf2ird1;Gcbox
NC_000071.6;TSS;134456778;-;1;Gtf2ird1_1;1;Gtf2ird1;Gcbox
NC_000071.6;TSS;135187259;+;1;Baz1b_1;1;Baz1b;Gcbox
NC_000071.6;TSS;137030284;+;1;Vgf_1;1;Vgf;Gcbox
NC_000071.6;TSS;137046039;-;1;Ap1s1_1;1;Ap1s1;Gcbox
NC_000071.6;TSS;137684701;-;1;Agfg2_1;1;Agfg2;Gcbox
NC_000071.6;TSS;138116929;+;1;Zscan21_1;1;Zscan21;Gcbox
NC_000071.6;TSS;138161091;+;1;Cops6_1;1;Cops6;Gcbox
NC_000071.6;TSS;139200667;+;1;Sun1_1;1;Sun1;Gcbox
NC_000071.6;TSS;139325533;-;1;Adap1_1;1;Adap1;Gcbox
NC_000071.6;TSS;141241561;+;1;Sdk1_1;1;Sdk1;Gcbox
NC_000071.6;TSS;142960356;+;1;Fscn1_1;1;Fscn1;Gcbox
NC_000071.6;TSS;143235208;+;1;Zfp12_1;1;Zfp12;Gcbox
NC_000071.6;TSS;143403826;+;1;Kdelr2_1;1;Kdelr2;Gcbox
NC_000071.6;TSS;143548720;+;1;Fam220a_1;1;Fam220a;Gcbox
NC_000071.6;TSS;143817831;+;1;Eif2ak1_1;1;Eif2ak1;Gcbox
NC_000071.6;TSS;146794796;-;1;Usp12_1;1;Usp12;Gcbox
NC_000071.6;TSS;146795006;-;1;Usp12_2;2;Usp12;Gcbox
NC_000071.6;TSS;147860628;+;1;Pomp_1;1;Pomp;Gcbox
NC_000071.6;TSS;148303198;+;1;Mtus2_1;1;Mtus2;Gcbox
NC_000072.6;TSS;8509109;-;1;A430035B10Rik_1;1;A430035B10Rik;Gcbox
NC_000072.6;TSS;13069816;+;1;Tmem106b_1;1;Tmem106b;Gcbox
NC_000072.6;TSS;17637097;+;1;Capza2_1;1;Capza2;Gcbox
NC_000072.6;TSS;18466694;-;1;Cttnbp2_2;2;Cttnbp2;Gcbox
NC_000072.6;TSS;18514759;-;1;Cttnbp2_1;1;Cttnbp2;Gcbox
NC_000072.6;TSS;24664988;-;1;Wasl_1;1;Wasl;Gcbox
NC_000072.6;TSS;28423604;+;1;Arf5_1;1;Arf5;Gcbox
NC_000072.6;TSS;28480395;+;1;Snd1_1;1;Snd1;Gcbox
NC_000072.6;TSS;29164672;-;1;Rbm28_1;1;Rbm28;Gcbox
NC_000072.6;TSS;29212282;-;1;Impdh1_1;1;Impdh1;Gcbox
NC_000072.6;TSS;29216313;-;1;Impdh1_2;2;Impdh1;Gcbox
NC_000072.6;TSS;29768510;+;1;Ahcyl2_1;1;Ahcyl2;Gcbox
NC_000072.6;TSS;29853993;+;1;Ahcyl2_2;2;Ahcyl2;Gcbox
NC_000072.6;TSS;30304517;-;1;Ube2h_1;1;Ube2h;Gcbox
NC_000072.6;TSS;30738053;+;1;Mest_1;1;Mest;Gcbox
NC_000072.6;TSS;32588203;-;1;Plxna4_1;1;Plxna4;Gcbox
NC_000072.6;TSS;34354164;+;1;Akr1b8_1;1;Akr1b8;Gcbox
NC_000072.6;TSS;34686053;+;1;Cald1_4;4;Cald1;Gcbox
NC_000072.6;TSS;35133704;-;1;Cnot4_1;1;Cnot4;Gcbox
NC_000072.6;TSS;35539810;-;1;Mtpn_1;1;Mtpn;Gcbox
NC_000072.6;TSS;38551487;+;1;Luc7l2_1;1;Luc7l2;Gcbox
NC_000072.6;TSS;39725304;-;1;Braf_2;2;Braf;Gcbox
NC_000072.6;TSS;39810898;-;1;Mrps33_1;1;Mrps33;Gcbox
NC_000072.6;TSS;47453921;+;1;Cul1_2;2;Cul1;Gcbox
NC_000072.6;TSS;47454416;+;1;Cul1_1;1;Cul1;Gcbox
NC_000072.6;TSS;48537669;+;1;Atp6v0e2_1;1;Atp6v0e2;Gcbox
NC_000072.6;TSS;56714930;+;1;Avl9_1;1;Avl9;Gcbox
NC_000072.6;TSS;56797656;-;1;Kbtbd2_1;1;Kbtbd2;Gcbox
NC_000072.6;TSS;58831889;+;1;Herc3_1;1;Herc3;Gcbox
NC_000072.6;TSS;58907087;-;1;Nap1l5_1;1;Nap1l5;Gcbox
NC_000072.6;TSS;60829794;-;1;Snca_2;2;Snca;Gcbox
NC_000072.6;TSS;67267011;+;1;Serbp1_1;1;Serbp1;Gcbox
NC_000072.6;TSS;71493910;+;1;Rnf103_1;1;Rnf103;Gcbox
NC_000072.6;TSS;72097608;+;1;St3gal5_1;1;St3gal5;Gcbox
NC_000072.6;TSS;72097744;+;1;St3gal5_2;2;St3gal5;Gcbox
NC_000072.6;TSS;72439556;-;1;Mat2a_1;1;Mat2a;Gcbox
NC_000072.6;TSS;72789054;-;1;Tcf7l1_1;1;Tcf7l1;Gcbox
NC_000072.6;TSS;72899296;-;1;Kcmf1_1;1;Kcmf1;Gcbox
NC_000072.6;TSS;72899765;-;1;Kcmf1_2;2;Kcmf1;Gcbox
NC_000072.6;TSS;72958134;-;1;Tmsb10_2;2;Tmsb10;Gcbox
NC_000072.6;TSS;72958400;-;1;Tmsb10_1;1;Tmsb10;Gcbox
NC_000072.6;TSS;83572446;-;1;Stambp_1;1;Stambp;Gcbox
NC_000072.6;TSS;85374627;-;1;Rab11fip5_1;1;Rab11fip5;Gcbox
NC_000072.6;TSS;86733306;-;1;Gmcl1_1;1;Gmcl1;Gcbox
NC_000072.6;TSS;87887928;+;1;Copg1_1;1;Copg1;Gcbox
NC_000072.6;TSS;88724470;+;1;Mgll_1;1;Mgll;Gcbox
NC_000072.6;TSS;89362563;-;1;Plxna1_1;1;Plxna1;Gcbox
NC_000072.6;TSS;90716520;-;1;Iqsec1_1;1;Iqsec1;Gcbox
NC_000072.6;TSS;90810062;-;1;Iqsec1_3;3;Iqsec1;Gcbox
NC_000072.6;TSS;91156780;+;1;Hdac11_1;1;Hdac11;Gcbox
NC_000072.6;TSS;91807432;-;1;Grip2_1;1;Grip2;Gcbox
NC_000072.6;TSS;92567375;-;1;Prickle2_3;3;Prickle2;Gcbox
NC_000072.6;TSS;97205558;-;1;Uba3_1;1;Uba3;Gcbox
NC_000072.6;TSS;99028258;-;1;Foxp1_1;1;Foxp1;Gcbox
NC_000072.6;TSS;99521002;-;1;Foxp1_2;2;Foxp1;Gcbox
NC_000072.6;TSS;106769168;+;1;Trnt1_1;1;Trnt1;Gcbox
NC_000072.6;TSS;113077598;+;1;Setd5_1;1;Setd5;Gcbox
NC_000072.6;TSS;113483545;+;1;Creld1_1;1;Creld1;Gcbox
NC_000072.6;TSS;114042032;-;1;Atp2b2_2;2;Atp2b2;Gcbox
NC_000072.6;TSS;115134957;+;1;Syn2_1;1;Syn2;Gcbox
NC_000072.6;TSS;115853358;-;1;Mbd4_1;1;Mbd4;Gcbox
NC_000072.6;TSS;116193461;-;1;Tmcc1_1;1;Tmcc1;Gcbox
NC_000072.6;TSS;118066381;+;1;Rasgef1a_1;1;Rasgef1a;Gcbox
NC_000072.6;TSS;120038072;-;1;Wnk1_2;2;Wnk1;Gcbox
NC_000072.6;TSS;120038659;-;1;Wnk1_1;1;Wnk1;Gcbox
NC_000072.6;TSS;122742519;-;1;Slc2a3_1;1;Slc2a3;Gcbox
NC_000072.6;TSS;124746870;-;1;Atn1_2;2;Atn1;Gcbox
NC_000072.6;TSS;124917946;-;1;Ptms_1;1;Ptms;Gcbox
NC_000072.6;TSS;125096183;+;1;Chd4_1;1;Chd4;Gcbox
NC_000072.6;TSS;125165605;-;1;Gapdh_1;1;Gapdh;Gcbox
NC_000072.6;TSS;125166547;-;1;Gapdh_2;2;Gapdh;Gcbox
NC_000072.6;TSS;143100095;-;1;C2cd5_2;2;C2cd5;Gcbox
NC_000072.6;TSS;143167254;+;1;Etnk1_1;1;Etnk1;Gcbox
NC_000072.6;TSS;144530712;-;1;Sox5_2;2;Sox5;Gcbox
NC_000072.6;TSS;145048767;-;1;Bcat1_1;1;Bcat1;Gcbox
NC_000072.6;TSS;145076053;-;1;Bcat1_2;2;Bcat1;Gcbox
NC_000072.6;TSS;146888522;+;1;Ppfibp1_1;1;Ppfibp1;Gcbox
NC_000072.6;TSS;148896181;-;1;Caprin2_1;1;Caprin2;Gcbox
NC_000073.6;TSS;3692962;-;1;Mboat7_1;1;Mboat7;Gcbox
NC_000073.6;TSS;3693561;-;1;Mboat7_2;2;Mboat7;Gcbox
NC_000073.6;TSS;4119579;+;1;Ttyh1_1;1;Ttyh1;Gcbox
NC_000073.6;TSS;4658990;-;1;Ppp6r1_1;1;Ppp6r1;Gcbox
NC_000073.6;TSS;13024147;+;1;Trim28_2;2;Trim28;Gcbox
NC_000073.6;TSS;13024409;+;1;Trim28_1;1;Trim28;Gcbox
NC_000073.6;TSS;13037918;-;1;Ube2m_1;1;Ube2m;Gcbox
NC_000073.6;TSS;16130328;+;1;Slc8a2_1;1;Slc8a2;Gcbox
NC_000073.6;TSS;16286774;-;1;Ccdc9_1;1;Ccdc9;Gcbox
NC_000073.6;TSS;16816333;+;1;Strn4_1;1;Strn4;Gcbox
NC_000073.6;TSS;16875310;+;1;Dact3_1;1;Dact3;Gcbox
NC_000073.6;TSS;16923966;-;1;Calm3_1;1;Calm3;Gcbox
NC_000073.6;TSS;17027887;-;1;Ppp5c_1;1;Ppp5c;Gcbox
NC_000073.6;TSS;18925890;+;1;Nova2_1;1;Nova2;Gcbox
NC_000073.6;TSS;19699052;-;1;Apoe_1;1;Apoe;Gcbox
NC_000073.6;TSS;19715413;-;1;Tomm40_1;1;Tomm40;Gcbox
NC_000073.6;TSS;24482032;+;1;Cadm4_1;1;Cadm4;Gcbox
NC_000073.6;TSS;24884633;+;1;Rps19_1;1;Rps19;Gcbox
NC_000073.6;TSS;24972675;-;1;Rabac1_1;1;Rabac1;Gcbox
NC_000073.6;TSS;25005913;-;1;Atp1a3_1;1;Atp1a3;Gcbox
NC_000073.6;TSS;27258778;+;1;Numbl_1;1;Numbl;Gcbox
NC_000073.6;TSS;27337674;-;1;Ltbp4_2;2;Ltbp4;Gcbox
NC_000073.6;TSS;27396118;-;1;Sptbn4_2;2;Sptbn4;Gcbox
NC_000073.6;TSS;27396591;-;1;Sptbn4_1;1;Sptbn4;Gcbox
NC_000073.6;TSS;27542786;-;1;Pld3_1;1;Pld3;Gcbox
NC_000073.6;TSS;27553210;-;1;Pld3_2;2;Pld3;Gcbox
NC_000073.6;TSS;28350750;+;1;Rps16_1;1;Rps16;Gcbox
NC_000073.6;TSS;28392969;+;1;Paf1_1;1;Paf1;Gcbox
NC_000073.6;TSS;28436288;-;1;Samd4b_1;1;Samd4b;Gcbox
NC_000073.6;TSS;29125152;-;1;Ryr1_1;1;Ryr1;Gcbox
NC_000073.6;TSS;30445533;-;1;Aplp1_1;1;Aplp1;Gcbox
NC_000073.6;TSS;30535018;-;1;Arhgap33_1;1;Arhgap33;Gcbox
NC_000073.6;TSS;30729540;-;1;Tmem147_1;1;Tmem147;Gcbox
NC_000073.6;TSS;30743705;-;1;Gapdhs_1;1;Gapdhs;Gcbox
NC_000073.6;TSS;31127009;-;1;Scn1b_1;1;Scn1b;Gcbox
NC_000073.6;TSS;38019525;-;1;Uri1_1;1;Uri1;Gcbox
NC_000073.6;TSS;44590897;+;1;Kcnc3_1;1;Kcnc3;Gcbox
NC_000073.6;TSS;45062493;+;1;Nosip_1;1;Nosip;Gcbox
NC_000073.6;TSS;45163949;+;1;Slc17a7_1;1;Slc17a7;Gcbox
NC_000073.6;TSS;45510374;-;1;Nucb1_1;1;Nucb1;Gcbox
NC_000073.6;TSS;45705234;+;1;Dbp_1;1;Dbp;Gcbox
NC_000073.6;TSS;46396554;+;1;Kcnc1_1;1;Kcnc1;Gcbox
NC_000073.6;TSS;52005691;-;1;Svip_2;2;Svip;Gcbox
NC_000073.6;TSS;52005848;-;1;Svip_1;1;Svip;Gcbox
NC_000073.6;TSS;55842286;+;1;Cyfip1_1;1;Cyfip1;Gcbox
NC_000073.6;TSS;55962450;-;1;Nipa2_1;1;Nipa2;Gcbox
NC_000073.6;TSS;56050208;+;1;Herc2_1;1;Herc2;Gcbox
NC_000073.6;TSS;65371269;-;1;Tjp1_1;1;Tjp1;Gcbox
NC_000073.6;TSS;67645204;-;1;Lrrc28_1;1;Lrrc28;Gcbox
NC_000073.6;TSS;80402784;-;1;Furin_1;1;Furin;Gcbox
NC_000073.6;TSS;80405431;-;1;Furin_2;2;Furin;Gcbox
NC_000073.6;TSS;81345227;-;1;Rps17_1;1;Rps17;Gcbox
NC_000073.6;TSS;81454758;-;1;Cpeb1_1;1;Cpeb1;Gcbox
NC_000073.6;TSS;84689876;-;1;Zfand6_2;2;Zfand6;Gcbox
NC_000073.6;TSS;88278135;+;1;Ctsc_1;1;Ctsc;Gcbox
NC_000073.6;TSS;91711669;+;1;Dlg2_4;4;Dlg2;Gcbox
NC_000073.6;TSS;92234960;+;1;Dlg2_1;1;Dlg2;Gcbox
NC_000073.6;TSS;92669901;-;1;Pcf11_1;1;Pcf11;Gcbox
NC_000073.6;TSS;96210157;+;1;Tenm4_1;1;Tenm4;Gcbox
NC_000073.6;TSS;96211669;+;1;Tenm4_2;2;Tenm4;Gcbox
NC_000073.6;TSS;97788543;+;1;Pak1_2;2;Pak1;Gcbox
NC_000073.6;TSS;97842971;+;1;Pak1_1;1;Pak1;Gcbox
NC_000073.6;TSS;99483650;-;1;Rps3_1;1;Rps3;Gcbox
NC_000073.6;TSS;100227692;+;1;Pgm2l1_1;1;Pgm2l1;Gcbox
NC_000073.6;TSS;100371907;-;1;Ppme1_1;1;Ppme1;Gcbox
NC_000073.6;TSS;100607754;+;1;Rab6a_1;1;Rab6a;Gcbox
NC_000073.6;TSS;100706720;+;1;Fam168a_1;1;Fam168a;Gcbox
NC_000073.6;TSS;101108805;+;1;Fchsd2_1;1;Fchsd2;Gcbox
NC_000073.6;TSS;101970180;+;1;Numa1_2;2;Numa1;Gcbox
NC_000073.6;TSS;105640567;+;1;Timm10b_1;1;Timm10b;Gcbox
NC_000073.6;TSS;109010880;+;1;Tub_1;1;Tub;Gcbox
NC_000073.6;TSS;109519198;+;1;Rpl27a_1;1;Rpl27a;Gcbox
NC_000073.6;TSS;109960410;-;1;Dennd5a_1;1;Dennd5a;Gcbox
NC_000073.6;TSS;111083006;-;1;Eif4g2_1;1;Eif4g2;Gcbox
NC_000073.6;TSS;112225890;+;1;Mical2_1;1;Mical2;Gcbox
NC_000073.6;TSS;114276060;-;1;Psma1_1;1;Psma1;Gcbox
NC_000073.6;TSS;116334135;-;1;Rps13_1;1;Rps13;Gcbox
NC_000073.6;TSS;118116160;-;1;Rps15a_1;1;Rps15a;Gcbox
NC_000073.6;TSS;122289135;+;1;Prkcb_1;1;Prkcb;Gcbox
NC_000073.6;TSS;123123886;+;1;Tnrc6a_1;1;Tnrc6a;Gcbox
NC_000073.6;TSS;126200448;-;1;Xpo6_1;1;Xpo6;Gcbox
NC_000073.6;TSS;126396725;-;1;Nfatc2ip_1;1;Nfatc2ip;Gcbox
NC_000073.6;TSS;126565926;+;1;AK144875_1;1;AK144875;Gcbox
NC_000073.6;TSS;126695999;+;1;Bola2_1;1;Bola2;Gcbox
NC_000073.6;TSS;126776988;+;1;Ypel3_1;1;Ypel3;Gcbox
NC_000073.6;TSS;126799178;-;1;Aldoa_2;2;Aldoa;Gcbox
NC_000073.6;TSS;126800046;-;1;Aldoa_1;1;Aldoa;Gcbox
NC_000073.6;TSS;126800365;-;1;Aldoa_3;3;Aldoa;Gcbox
NC_000073.6;TSS;126950563;+;1;Sez6l2_1;1;Sez6l2;Gcbox
NC_000073.6;TSS;127195961;-;1;Cd2bp2_1;1;Cd2bp2;Gcbox
NC_000073.6;TSS;128744946;+;1;Sec23ip_1;1;Sec23ip;Gcbox
NC_000073.6;TSS;130692618;+;1;Tacc2_2;2;Tacc2;Gcbox
NC_000073.6;TSS;138846364;+;1;Ppp2r2d_1;1;Ppp2r2d;Gcbox
NC_000073.6;TSS;138846654;+;1;Ppp2r2d_2;2;Ppp2r2d;Gcbox
NC_000073.6;TSS;139894794;+;1;Kndc1_2;2;Kndc1;Gcbox
NC_000073.6;TSS;139894959;+;1;Kndc1_1;1;Kndc1;Gcbox
NC_000073.6;TSS;140082274;-;1;Caly_2;2;Caly;Gcbox
NC_000073.6;TSS;140082508;-;1;Caly_1;1;Caly;Gcbox
NC_000073.6;TSS;141902399;-;1;Tollip_1;1;Tollip;Gcbox
NC_000073.6;TSS;141949711;+;1;Brsk2_1;1;Brsk2;Gcbox
NC_000073.6;TSS;141981524;+;1;Brsk2_2;2;Brsk2;Gcbox
NC_000073.6;TSS;142387827;-;1;Ctsd_1;1;Ctsd;Gcbox
NC_000073.6;TSS;143052788;+;1;Cd81_1;1;Cd81;Gcbox
NC_000073.6;TSS;144553686;-;1;Ppfia1_1;1;Ppfia1;Gcbox
NC_000073.6;TSS;144939831;-;1;Ccnd1_1;1;Ccnd1;Gcbox
NC_000074.6;TSS;3279547;-;1;Insr_1;1;Insr;Gcbox
NC_000074.6;TSS;3393038;+;1;Arhgef18_1;1;Arhgef18;Gcbox
NC_000074.6;TSS;3500541;+;1;Mcoln1_1;1;Mcoln1;Gcbox
NC_000074.6;TSS;3587676;+;1;Camsap3_1;1;Camsap3;Gcbox
NC_000074.6;TSS;12757058;+;1;Atp11a_1;1;Atp11a;Gcbox
NC_000074.6;TSS;13037378;+;1;F10_1;1;F10;Gcbox
NC_000074.6;TSS;15930400;-;1;Csmd1_2;2;Csmd1;Gcbox
NC_000074.6;TSS;25016793;-;1;Adam9_2;2;Adam9;Gcbox
NC_000074.6;TSS;25016909;-;1;Adam9_1;1;Adam9;Gcbox
NC_000074.6;TSS;25518792;+;1;Fgfr1_1;1;Fgfr1;Gcbox
NC_000074.6;TSS;25785195;-;1;Bag4_1;1;Bag4;Gcbox
NC_000074.6;TSS;33599644;+;1;Ppp2cb_1;1;Ppp2cb;Gcbox
NC_000074.6;TSS;40511720;-;1;Cnot7_1;1;Cnot7;Gcbox
NC_000074.6;TSS;40634736;-;1;Mtmr7_1;1;Mtmr7;Gcbox
NC_000074.6;TSS;41239740;+;1;Pcm1_1;1;Pcm1;Gcbox
NC_000074.6;TSS;46471177;+;1;Acsl1_1;1;Acsl1;Gcbox
NC_000074.6;TSS;47713929;-;1;Cdkn2aip_1;1;Cdkn2aip;Gcbox
NC_000074.6;TSS;54779531;+;1;Gpm6a_2;2;Gpm6a;Gcbox
NC_000074.6;TSS;57653003;-;1;Galnt7_1;1;Galnt7;Gcbox
NC_000074.6;TSS;60965451;-;1;Clcn3_3;3;Clcn3;Gcbox
NC_000074.6;TSS;60983251;-;1;Clcn3_1;1;Clcn3;Gcbox
NC_000074.6;TSS;67818234;-;1;Psd3_1;1;Psd3;Gcbox
NC_000074.6;TSS;67974587;-;1;Psd3_3;3;Psd3;Gcbox
NC_000074.6;TSS;68062335;-;1;Psd3_2;2;Psd3;Gcbox
NC_000074.6;TSS;68880657;+;1;Lpl_2;2;Lpl;Gcbox
NC_000074.6;TSS;69088769;+;1;Atp6v1b2_1;1;Atp6v1b2;Gcbox
NC_000074.6;TSS;69974285;-;1;Gatad2a_1;1;Gatad2a;Gcbox
NC_000074.6;TSS;69996338;-;1;Gatad2a_2;2;Gatad2a;Gcbox
NC_000074.6;TSS;70120823;-;1;Ncan_1;1;Ncan;Gcbox
NC_000074.6;TSS;70353300;-;1;Upf1_1;1;Upf1;Gcbox
NC_000074.6;TSS;70510367;-;1;Uba52_1;1;Uba52;Gcbox
NC_000074.6;TSS;70673379;+;1;Lsm4_1;1;Lsm4;Gcbox
NC_000074.6;TSS;70698937;+;1;Jund_1;1;Jund;Gcbox
NC_000074.6;TSS;70754712;+;1;Rab3a_1;1;Rab3a;Gcbox
NC_000074.6;TSS;70897415;-;1;Rpl18a_1;1;Rpl18a;Gcbox
NC_000074.6;TSS;72240113;+;1;Ap1m1_1;1;Ap1m1;Gcbox
NC_000074.6;TSS;72421451;-;1;Eps15l1_1;1;Eps15l1;Gcbox
NC_000074.6;TSS;72492635;-;1;Slc35e1_1;1;Slc35e1;Gcbox
NC_000074.6;TSS;72572044;+;1;Tmem38a_1;1;Tmem38a;Gcbox
NC_000074.6;TSS;72723288;+;1;Sin3b_1;1;Sin3b;Gcbox
NC_000074.6;TSS;81014907;-;1;Usp38_1;1;Usp38;Gcbox
NC_000074.6;TSS;83442495;-;1;Scoc_1;1;Scoc;Gcbox
NC_000074.6;TSS;84249718;-;1;D8Ertd738e_1;1;D8Ertd738e;Gcbox
NC_000074.6;TSS;84415385;+;1;Cacna1a_1;1;Cacna1a;Gcbox
NC_000074.6;TSS;84908755;+;1;Dnase2a_1;1;Dnase2a;Gcbox
NC_000074.6;TSS;84978718;-;1;Junb_1;1;Junb;Gcbox
NC_000074.6;TSS;85299517;-;1;Vps35_1;1;Vps35;Gcbox
NC_000074.6;TSS;85555361;-;1;Dnaja2_1;1;Dnaja2;Gcbox
NC_000074.6;TSS;86746019;-;1;Siah1a_1;1;Siah1a;Gcbox
NC_000074.6;TSS;88137875;+;1;Heatr3_1;1;Heatr3;Gcbox
NC_000074.6;TSS;90955435;+;1;Chd9_1;1;Chd9;Gcbox
NC_000074.6;TSS;93810838;+;1;Gnao1_1;1;Gnao1;Gcbox
NC_000074.6;TSS;94179242;+;1;Mt1_1;1;Mt1;Gcbox
NC_000074.6;TSS;94772204;+;1;Cx3cl1_1;1;Cx3cl1;Gcbox
NC_000074.6;TSS;94832707;-;1;Ciapin1_2;2;Ciapin1;Gcbox
NC_000074.6;TSS;95081279;+;1;Katnb1_1;1;Katnb1;Gcbox
NC_000074.6;TSS;95703056;+;1;Ndrg4_1;1;Ndrg4;Gcbox
NC_000074.6;TSS;105276460;+;1;Nol3_1;1;Nol3;Gcbox
NC_000074.6;TSS;106059590;+;1;Nfatc3_1;1;Nfatc3;Gcbox
NC_000074.6;TSS;106510891;+;1;Cdh3_1;1;Cdh3;Gcbox
NC_000074.6;TSS;109705622;+;1;Zfp821_1;1;Zfp821;Gcbox
NC_000074.6;TSS;111522091;-;1;Wdr59_1;1;Wdr59;Gcbox
NC_000074.6;TSS;111940720;+;1;Gabarapl2_1;1;Gabarapl2;Gcbox
NC_000074.6;TSS;112011278;-;1;Kars_1;1;Kars;Gcbox
NC_000074.6;TSS;119344507;+;1;Hsbp1_1;1;Hsbp1;Gcbox
NC_000074.6;TSS;119575333;+;1;Dnaaf1_1;1;Dnaaf1;Gcbox
NC_000074.6;TSS;120668087;-;1;Emc8_1;1;Emc8;Gcbox
NC_000074.6;TSS;120668290;+;1;Cox4i1_1;1;Cox4i1;Gcbox
NC_000074.6;TSS;121578770;-;1;Fbxo31_1;1;Fbxo31;Gcbox
NC_000074.6;TSS;122611634;+;1;Trappc2l_1;1;Trappc2l;Gcbox
NC_000074.6;TSS;122699074;-;1;Cbfa2t3_1;1;Cbfa2t3;Gcbox
NC_000074.6;TSS;123411553;+;1;Tubb3_1;1;Tubb3;Gcbox
NC_000074.6;TSS;123894751;-;1;Acta1_1;1;Acta1;Gcbox
NC_000074.6;TSS;126945844;-;1;Tomm20_1;1;Tomm20;Gcbox
NC_000074.6;TSS;128685776;+;1;Itgb1_1;1;Itgb1;Gcbox
NC_000075.6;TSS;7184549;+;1;Dcun1d5_1;1;Dcun1d5;Gcbox
NC_000075.6;TSS;8004569;-;1;Yap1_1;1;Yap1;Gcbox
NC_000075.6;TSS;8899834;+;1;Pgr_1;1;Pgr;Gcbox
NC_000075.6;TSS;13246953;+;1;Ccdc82_1;1;Ccdc82;Gcbox
NC_000075.6;TSS;13826994;-;1;Cep57_1;1;Cep57;Gcbox
NC_000075.6;TSS;13827758;+;1;Fam76b_1;1;Fam76b;Gcbox
NC_000075.6;TSS;20952577;-;1;Dnmt1_2;2;Dnmt1;Gcbox
NC_000075.6;TSS;20952817;-;1;Dnmt1_1;1;Dnmt1;Gcbox
NC_000075.6;TSS;21546897;+;1;Carm1_1;1;Carm1;Gcbox
NC_000075.6;TSS;21798517;-;1;Kank2_1;1;Kank2;Gcbox
NC_000075.6;TSS;22085418;-;1;Ecsit_1;1;Ecsit;Gcbox
NC_000075.6;TSS;25151786;-;1;Herpud2_1;1;Herpud2;Gcbox
NC_000075.6;TSS;26999710;+;1;Thyn1_1;1;Thyn1;Gcbox
NC_000075.6;TSS;35210946;-;1;Foxred1_1;1;Foxred1;Gcbox
NC_000075.6;TSS;36797334;-;1;Ei24_1;1;Ei24;Gcbox
NC_000075.6;TSS;40269221;+;1;Scn3b_1;1;Scn3b;Gcbox
NC_000075.6;TSS;40269486;+;1;Scn3b_2;2;Scn3b;Gcbox
NC_000075.6;TSS;40801276;+;1;Hspa8_1;1;Hspa8;Gcbox
NC_000075.6;TSS;40802369;+;1;Hspa8_2;2;Hspa8;Gcbox
NC_000075.6;TSS;44043424;+;1;Thy1_1;1;Thy1;Gcbox
NC_000075.6;TSS;44084951;+;1;Usp2_1;1;Usp2;Gcbox
NC_000075.6;TSS;44407705;+;1;Rps25_1;1;Rps25;Gcbox
NC_000075.6;TSS;44604905;+;1;Ddx6_1;1;Ddx6;Gcbox
NC_000075.6;TSS;44767813;-;1;Arcn1_1;1;Arcn1;Gcbox
NC_000075.6;TSS;45984829;-;1;Pafah1b2_1;1;Pafah1b2;Gcbox
NC_000075.6;TSS;47530352;+;1;Cadm1_1;1;Cadm1;Gcbox
NC_000075.6;TSS;48985375;+;1;Usp28_1;1;Usp28;Gcbox
NC_000075.6;TSS;49798922;-;1;Ncam1_1;1;Ncam1;Gcbox
NC_000075.6;TSS;50603934;+;1;Timm8b_1;1;Timm8b;Gcbox
NC_000075.6;TSS;52048022;+;1;Rdx_2;2;Rdx;Gcbox
NC_000075.6;TSS;53537048;+;1;Npat_1;1;Npat;Gcbox
NC_000075.6;TSS;53968289;-;1;Elmod1_2;2;Elmod1;Gcbox
NC_000075.6;TSS;54586481;+;1;Idh3a_1;1;Idh3a;Gcbox
NC_000075.6;TSS;55938100;-;1;Scaper_1;1;Scaper;Gcbox
NC_000075.6;TSS;57521282;+;1;Cox5a_1;1;Cox5a;Gcbox
NC_000075.6;TSS;57560945;+;1;Scamp2_1;1;Scamp2;Gcbox
NC_000075.6;TSS;57589549;+;1;Ulk3_1;1;Ulk3;Gcbox
NC_000075.6;TSS;59656576;+;1;Pkm_1;1;Pkm;Gcbox
NC_000075.6;TSS;61914539;-;1;Rplp1_1;1;Rplp1;Gcbox
NC_000075.6;TSS;62536779;-;1;Coro2b_2;2;Coro2b;Gcbox
NC_000075.6;TSS;62980883;-;1;Pias1_1;1;Pias1;Gcbox
NC_000075.6;TSS;65908786;-;1;Trip4_1;1;Trip4;Gcbox
NC_000075.6;TSS;65909042;+;1;Csnk1g1_1;1;Csnk1g1;Gcbox
NC_000075.6;TSS;66069759;-;1;Snx22_1;1;Snx22;Gcbox
NC_000075.6;TSS;67049209;-;1;Tpm1_1;1;Tpm1;Gcbox
NC_000075.6;TSS;70503740;-;1;Rnf111_1;1;Rnf111;Gcbox
NC_000075.6;TSS;70542762;+;1;Sltm_2;2;Sltm;Gcbox
NC_000075.6;TSS;70542886;+;1;Sltm_1;1;Sltm;Gcbox
NC_000075.6;TSS;72662297;+;1;Nedd4_2;2;Nedd4;Gcbox
NC_000075.6;TSS;72662482;+;1;Nedd4_1;1;Nedd4;Gcbox
NC_000075.6;TSS;73968941;-;1;AK005367_1;1;AK005367;Gcbox
NC_000075.6;TSS;75071563;+;1;Myo5a_1;1;Myo5a;Gcbox
NC_000075.6;TSS;77754535;+;1;Gclc_1;1;Gclc;Gcbox
NC_000075.6;TSS;78481671;-;1;Eef1a1_1;1;Eef1a1;Gcbox
NC_000075.6;TSS;79759712;-;1;Cox7a2_1;1;Cox7a2;Gcbox
NC_000075.6;TSS;79793332;-;1;Tmem30a_1;1;Tmem30a;Gcbox
NC_000075.6;TSS;86571802;-;1;Pgm3_1;1;Pgm3;Gcbox
NC_000075.6;TSS;86880569;-;1;Snap91_2;2;Snap91;Gcbox
NC_000075.6;TSS;88522888;-;1;Snhg5_1;1;Snhg5;Gcbox
NC_000075.6;TSS;89909716;+;1;Rasgrf1_2;2;Rasgrf1;Gcbox
NC_000075.6;TSS;89909909;+;1;Rasgrf1_1;1;Rasgrf1;Gcbox
NC_000075.6;TSS;95407312;-;1;Chst2_1;1;Chst2;Gcbox
NC_000075.6;TSS;99568885;-;1;Armc8_1;1;Armc8;Gcbox
NC_000075.6;TSS;100643613;+;1;Stag1_1;1;Stag1;Gcbox
NC_000075.6;TSS;103112122;+;1;Rab6b_1;1;Rab6b;Gcbox
NC_000075.6;TSS;103365668;-;1;Cdv3_1;1;Cdv3;Gcbox
NC_000075.6;TSS;104002583;+;1;Nphp3_1;1;Nphp3;Gcbox
NC_000075.6;TSS;104063114;-;1;Uba5_1;1;Uba5;Gcbox
NC_000075.6;TSS;106170929;+;1;Wdr82_1;1;Wdr82;Gcbox
NC_000075.6;TSS;106476142;-;1;Parp3_1;1;Parp3;Gcbox
NC_000075.6;TSS;106476379;-;1;Parp3_2;2;Parp3;Gcbox
NC_000075.6;TSS;107576950;+;1;Hyal1_1;1;Hyal1;Gcbox
NC_000075.6;TSS;107581306;+;1;Hyal3_1;1;Hyal3;Gcbox
NC_000075.6;TSS;107635343;-;1;Gnai2_1;1;Gnai2;Gcbox
NC_000075.6;TSS;107935898;+;1;Camkv_1;1;Camkv;Gcbox
NC_000075.6;TSS;108347911;+;1;Usp4_1;1;Usp4;Gcbox
NC_000075.6;TSS;108452391;-;1;Klhdc8b_2;2;Klhdc8b;Gcbox
NC_000075.6;TSS;108569896;+;1;Dalrd3_1;1;Dalrd3;Gcbox
NC_000075.6;TSS;108936701;+;1;Uqcrc1_1;1;Uqcrc1;Gcbox
NC_000075.6;TSS;110246222;+;1;Cspg5_1;1;Cspg5;Gcbox
NC_000075.6;TSS;110880073;-;1;Tmie_1;1;Tmie;Gcbox
NC_000075.6;TSS;111271874;+;1;Epm2aip1_1;1;Epm2aip1;Gcbox
NC_000075.6;TSS;112217328;-;1;Arpp21_2;2;Arpp21;Gcbox
NC_000075.6;TSS;113931003;+;1;Ubp1_1;1;Ubp1;Gcbox
NC_000075.6;TSS;113931148;+;1;Ubp1_2;2;Ubp1;Gcbox
NC_000075.6;TSS;114026485;-;1;Fbxl2_2;2;Fbxl2;Gcbox
NC_000075.6;TSS;114026747;-;1;Fbxl2_1;1;Fbxl2;Gcbox
NC_000075.6;TSS;115310134;-;1;Stt3b_2;2;Stt3b;Gcbox
NC_000075.6;TSS;115310468;-;1;Stt3b_1;1;Stt3b;Gcbox
NC_000075.6;TSS;118040534;+;1;Azi2_1;1;Azi2;Gcbox
NC_000075.6;TSS;122117308;+;1;Snrk_1;1;Snrk;Gcbox
NC_000075.6;TSS;123215965;-;1;Cdcp1_1;1;Cdcp1;Gcbox
NC_000075.6;TSS;124423595;-;1;AF050165_1;1;AF050165;Gcbox
NC_000075.6;TSS;124424182;-;1;Ppp2r3a_2;2;Ppp2r3a;Gcbox
NC_000075.6;TSS;124440320;-;1;AK054122_1;1;AK054122;Gcbox
NC_000076.6;TSS;4266363;+;1;Akap12_1;1;Akap12;Gcbox
NC_000076.6;TSS;5550678;-;1;Syne1_2;2;Syne1;Gcbox
NC_000076.6;TSS;13474423;-;1;Phactr2_1;1;Phactr2;Gcbox
NC_000076.6;TSS;13975842;+;1;Hivep2_2;2;Hivep2;Gcbox
NC_000076.6;TSS;20312517;+;1;Bclaf1_1;1;Bclaf1;Gcbox
NC_000076.6;TSS;23787200;-;1;Rps12_1;1;Rps12;Gcbox
NC_000076.6;TSS;30629649;-;1;Ncoa7_3;3;Ncoa7;Gcbox
NC_000076.6;TSS;37138924;-;1;Marcks_1;1;Marcks;Gcbox
NC_000076.6;TSS;40883500;+;1;Wasf1_2;2;Wasf1;Gcbox
NC_000076.6;TSS;42502007;+;1;Snx3_2;2;Snx3;Gcbox
NC_000076.6;TSS;42502224;+;1;Snx3_1;1;Snx3;Gcbox
NC_000076.6;TSS;42583590;-;1;Nr2e1_1;1;Nr2e1;Gcbox
NC_000076.6;TSS;43174531;-;1;Sobp_1;1;Sobp;Gcbox
NC_000076.6;TSS;52690507;+;1;Slc35f1_1;1;Slc35f1;Gcbox
NC_000076.6;TSS;57532477;-;1;Serinc1_1;1;Serinc1;Gcbox
NC_000076.6;TSS;58323570;+;1;Lims1_2;2;Lims1;Gcbox
NC_000076.6;TSS;58813284;+;1;Sh3rf3_1;1;Sh3rf3;Gcbox
NC_000076.6;TSS;60106286;+;1;Spock2_1;1;Spock2;Gcbox
NC_000076.6;TSS;60277715;+;1;Psap_1;1;Psap;Gcbox
NC_000076.6;TSS;62651176;-;1;Ddx50_1;1;Ddx50;Gcbox
NC_000076.6;TSS;62980252;+;1;Rufy2_1;1;Rufy2;Gcbox
NC_000076.6;TSS;63243811;+;1;Herc4_1;1;Herc4;Gcbox
NC_000076.6;TSS;69925495;+;1;Ank3_2;2;Ank3;Gcbox
NC_000076.6;TSS;72654880;+;1;Zwint_1;1;Zwint;Gcbox
NC_000076.6;TSS;75773386;-;1;Ddt_1;1;Ddt;Gcbox
NC_000076.6;TSS;75935900;+;1;Chchd10_1;1;Chchd10;Gcbox
NC_000076.6;TSS;79664597;+;1;Madcam1_1;1;Madcam1;Gcbox
NC_000076.6;TSS;79669440;+;1;Tpgs1_1;1;Tpgs1;Gcbox
NC_000076.6;TSS;79689078;+;1;Gzmm_1;1;Gzmm;Gcbox
NC_000076.6;TSS;79716607;+;1;Hcn2_1;1;Hcn2;Gcbox
NC_000076.6;TSS;79916921;-;1;R3hdm4_1;1;R3hdm4;Gcbox
NC_000076.6;TSS;80047256;+;1;Gpx4_3;3;Gpx4;Gcbox
NC_000076.6;TSS;80053565;+;1;Gpx4_2;2;Gpx4;Gcbox
NC_000076.6;TSS;80142387;+;1;Atp5d_1;1;Atp5d;Gcbox
NC_000076.6;TSS;80265019;+;1;Dazap1_1;1;Dazap1;Gcbox
NC_000076.6;TSS;80292460;+;1;Rps15_1;1;Rps15;Gcbox
NC_000076.6;TSS;80387653;-;1;Mex3d_1;1;Mex3d;Gcbox
NC_000076.6;TSS;80395372;-;1;Mbd3_2;2;Mbd3;Gcbox
NC_000076.6;TSS;80399491;-;1;Mbd3_1;1;Mbd3;Gcbox
NC_000076.6;TSS;80622718;+;1;Csnk1g2_1;1;Csnk1g2;Gcbox
NC_000076.6;TSS;80742244;-;1;Ap3d1_1;1;Ap3d1;Gcbox
NC_000076.6;TSS;80826686;+;1;Oaz1_1;1;Oaz1;Gcbox
NC_000076.6;TSS;81176646;+;1;Eef2_1;1;Eef2;Gcbox
NC_000076.6;TSS;81230786;-;1;Atcay_1;1;Atcay;Gcbox
NC_000076.6;TSS;81378422;-;1;Fzr1_1;1;Fzr1;Gcbox
NC_000076.6;TSS;81545091;-;1;Gna11_1;1;Gna11;Gcbox
NC_000076.6;TSS;82859206;+;1;Txnrd1_1;1;Txnrd1;Gcbox
NC_000076.6;TSS;82866661;+;1;Txnrd1_2;2;Txnrd1;Gcbox
NC_000076.6;TSS;82985486;+;1;Chst11_1;1;Chst11;Gcbox
NC_000076.6;TSS;86498896;-;1;Syn3_1;1;Syn3;Gcbox
NC_000076.6;TSS;86771145;+;1;Nt5dc3_2;2;Nt5dc3;Gcbox
NC_000076.6;TSS;86779033;+;1;Nt5dc3_1;1;Nt5dc3;Gcbox
NC_000076.6;TSS;89443900;-;1;Gas2l3_1;1;Gas2l3;Gcbox
NC_000076.6;TSS;91083095;+;1;Ikbip_1;1;Ikbip;Gcbox
NC_000076.6;TSS;95415206;-;1;Socs2_2;2;Socs2;Gcbox
NC_000076.6;TSS;96617008;+;1;Btg1_1;1;Btg1;Gcbox
NC_000076.6;TSS;102374439;+;1;Mgat4c_2;2;Mgat4c;Gcbox
NC_000076.6;TSS;111473227;+;1;Nap1l1_1;1;Nap1l1;Gcbox
NC_000076.6;TSS;112928858;-;1;Atxn7l3b_2;2;Atxn7l3b;Gcbox
NC_000076.6;TSS;115251425;-;1;Tbc1d15_1;1;Tbc1d15;Gcbox
NC_000076.6;TSS;117376970;-;1;Cpsf6_1;1;Cpsf6;Gcbox
NC_000076.6;TSS;121641761;+;1;D930020B18Rik_1;1;D930020B18Rik;Gcbox
NC_000076.6;TSS;123076380;-;1;Mon2_1;1;Mon2;Gcbox
NC_000076.6;TSS;127211535;-;1;Pip4k2c_1;1;Pip4k2c;Gcbox
NC_000076.6;TSS;127263113;-;1;Kif5a_1;1;Kif5a;Gcbox
NC_000076.6;TSS;127621148;-;1;Lrp1_1;1;Lrp1;Gcbox
NC_000076.6;TSS;128035645;+;1;Naca_1;1;Naca;Gcbox
NC_000076.6;TSS;128091613;+;1;Baz2a_1;1;Baz2a;Gcbox
NC_000076.6;TSS;128096890;+;1;Baz2a_2;2;Baz2a;Gcbox
NC_000076.6;TSS;128549114;-;1;Rpl41_1;1;Rpl41;Gcbox
NC_000076.6;TSS;128790958;+;1;Mmp19_1;1;Mmp19;Gcbox
NC_000077.6;TSS;3266393;-;1;Drg1_1;1;Drg1;Gcbox
NC_000077.6;TSS;3722216;-;1;Osbp2_2;2;Osbp2;Gcbox
NC_000077.6;TSS;3863902;-;1;Osbp2_1;1;Osbp2;Gcbox
NC_000077.6;TSS;4031822;+;1;Sec14l4_1;1;Sec14l4;Gcbox
NC_000077.6;TSS;4160224;-;1;Ccdc157_1;1;Ccdc157;Gcbox
NC_000077.6;TSS;4986910;+;1;Ap1b1_1;1;Ap1b1;Gcbox
NC_000077.6;TSS;5065303;-;1;Gas2l1_1;1;Gas2l1;Gcbox
NC_000077.6;TSS;6415868;+;1;Ppia_1;1;Ppia;Gcbox
NC_000077.6;TSS;6476024;-;1;Purb_1;1;Purb;Gcbox
NC_000077.6;TSS;17051667;+;1;Cnrip1_1;1;Cnrip1;Gcbox
NC_000077.6;TSS;17051890;+;1;Cnrip1_2;2;Cnrip1;Gcbox
NC_000077.6;TSS;17211535;-;1;Pno1_1;1;Pno1;Gcbox
NC_000077.6;TSS;20112887;-;1;Actr2_1;1;Actr2;Gcbox
NC_000077.6;TSS;20332713;-;1;Slc1a4_1;1;Slc1a4;Gcbox
NC_000077.6;TSS;21091324;+;1;Peli1_1;1;Peli1;Gcbox
NC_000077.6;TSS;21371198;-;1;Ugp2_2;2;Ugp2;Gcbox
NC_000077.6;TSS;23255940;+;1;Xpo1_2;2;Xpo1;Gcbox
NC_000077.6;TSS;23665585;+;1;Pus10_2;2;Pus10;Gcbox
NC_000077.6;TSS;23665883;-;1;Pex13_1;1;Pex13;Gcbox
NC_000077.6;TSS;29692955;+;1;Rtn4_1;1;Rtn4;Gcbox
NC_000077.6;TSS;30268144;-;1;AK137356_1;1;AK137356;Gcbox
NC_000077.6;TSS;32455426;+;1;Ubtd2_1;1;Ubtd2;Gcbox
NC_000077.6;TSS;33163075;-;1;Npm1_1;1;Npm1;Gcbox
NC_000077.6;TSS;49846748;+;1;Mapk9_1;1;Mapk9;Gcbox
NC_000077.6;TSS;49847547;+;1;Mapk9_2;2;Mapk9;Gcbox
NC_000077.6;TSS;50131402;+;1;Tbc1d9b_1;1;Tbc1d9b;Gcbox
NC_000077.6;TSS;50210791;-;1;Sqstm1_1;1;Sqstm1;Gcbox
NC_000077.6;TSS;50325609;-;1;Canx_1;1;Canx;Gcbox
NC_000077.6;TSS;50377768;+;1;Hnrnph1_1;1;Hnrnph1;Gcbox
NC_000077.6;TSS;51763694;+;1;Sar1b_1;1;Sar1b;Gcbox
NC_000077.6;TSS;52000444;-;1;Ube2b_1;1;Ube2b;Gcbox
NC_000077.6;TSS;52098827;+;1;Ppp2ca_1;1;Ppp2ca;Gcbox
NC_000077.6;TSS;52361099;+;1;Vdac1_1;1;Vdac1;Gcbox
NC_000077.6;TSS;53430811;-;1;Uqcrq_1;1;Uqcrq;Gcbox
NC_000077.6;TSS;53891647;-;1;Slc22a5_1;1;Slc22a5;Gcbox
NC_000077.6;TSS;54787653;-;1;Cdc42se2_1;1;Cdc42se2;Gcbox
NC_000077.6;TSS;54866451;+;1;Hint1_1;1;Hint1;Gcbox
NC_000077.6;TSS;57011569;+;1;Gria1_2;2;Gria1;Gcbox
NC_000077.6;TSS;58938897;-;1;Rnf187_1;1;Rnf187;Gcbox
NC_000077.6;TSS;59228216;-;1;Arf1_1;1;Arf1;Gcbox
NC_000077.6;TSS;59450014;-;1;Snap47_1;1;Snap47;Gcbox
NC_000077.6;TSS;59662507;+;1;Mprip_1;1;Mprip;Gcbox
NC_000077.6;TSS;59662715;+;1;Mprip_2;2;Mprip;Gcbox
NC_000077.6;TSS;59839407;+;1;Nt5m_2;2;Nt5m;Gcbox
NC_000077.6;TSS;60417164;+;1;Gid4_1;1;Gid4;Gcbox
NC_000077.6;TSS;60538014;+;1;Alkbh5_2;2;Alkbh5;Gcbox
NC_000077.6;TSS;61579672;-;1;Epn2_1;1;Epn2;Gcbox
NC_000077.6;TSS;62457312;-;1;Ncor1_1;1;Ncor1;Gcbox
NC_000077.6;TSS;62551789;+;1;Ubb_2;2;Ubb;Gcbox
NC_000077.6;TSS;65788254;-;1;Map2k4_1;1;Map2k4;Gcbox
NC_000077.6;TSS;67586701;+;1;Gas7_1;1;Gas7;Gcbox
NC_000077.6;TSS;69045678;+;1;Aurkb_1;1;Aurkb;Gcbox
NC_000077.6;TSS;69369402;-;1;Chd3_1;1;Chd3;Gcbox
NC_000077.6;TSS;69837743;-;1;Nlgn2_1;1;Nlgn2;Gcbox
NC_000077.6;TSS;69921265;-;1;Eif5a_1;1;Eif5a;Gcbox
NC_000077.6;TSS;69997473;+;1;Phf23_2;2;Phf23;Gcbox
NC_000077.6;TSS;70239809;-;1;0610010K14Rik_1;1;0610010K14Rik;Gcbox
NC_000077.6;TSS;70646984;-;1;Slc25a11_1;1;Slc25a11;Gcbox
NC_000077.6;TSS;70669294;-;1;Spag7_1;1;Spag7;Gcbox
NC_000077.6;TSS;74897069;-;1;Sgsm2_1;1;Sgsm2;Gcbox
NC_000077.6;TSS;75486833;+;1;Prpf8_1;1;Prpf8;Gcbox
NC_000077.6;TSS;75588096;+;1;Pitpna_1;1;Pitpna;Gcbox
NC_000077.6;TSS;75679310;+;1;Crk_1;1;Crk;Gcbox
NC_000077.6;TSS;75732939;+;1;Ywhae_1;1;Ywhae;Gcbox
NC_000077.6;TSS;76509346;-;1;Abr_3;3;Abr;Gcbox
NC_000077.6;TSS;77515121;+;1;Abhd15_1;1;Abhd15;Gcbox
NC_000077.6;TSS;77607849;-;1;Taok1_1;1;Taok1;Gcbox
NC_000077.6;TSS;77686139;+;1;Nufip2_1;1;Nufip2;Gcbox
NC_000077.6;TSS;77765609;+;1;Myo18a_3;3;Myo18a;Gcbox
NC_000077.6;TSS;77801332;+;1;Myo18a_2;2;Myo18a;Gcbox
NC_000077.6;TSS;78094690;+;1;Fam222b_1;1;Fam222b;Gcbox
NC_000077.6;TSS;78512279;+;1;Poldip2_1;1;Poldip2;Gcbox
NC_000077.6;TSS;78536175;-;1;Tnfaip1_1;1;Tnfaip1;Gcbox
NC_000077.6;TSS;78697426;-;1;Nlk_1;1;Nlk;Gcbox
NC_000077.6;TSS;80477046;+;1;Cdk5r1_1;1;Cdk5r1;Gcbox
NC_000077.6;TSS;82890559;-;1;Rad51d_1;1;Rad51d;Gcbox
NC_000077.6;TSS;82952114;+;1;Slfn5_1;1;Slfn5;Gcbox
NC_000077.6;TSS;83409705;+;1;Rasl10b_1;1;Rasl10b;Gcbox
NC_000077.6;TSS;84880166;+;1;Myo19_1;1;Myo19;Gcbox
NC_000077.6;TSS;85139953;-;1;Usp32_1;1;Usp32;Gcbox
NC_000077.6;TSS;86683821;-;1;Vmp1_1;1;Vmp1;Gcbox
NC_000077.6;TSS;86807604;-;1;Dhx40_1;1;Dhx40;Gcbox
NC_000077.6;TSS;86993722;-;1;Ypel2_1;1;Ypel2;Gcbox
NC_000077.6;TSS;87127075;+;1;Trim37_1;1;Trim37;Gcbox
NC_000077.6;TSS;87359048;-;1;Ppm1e_1;1;Ppm1e;Gcbox
NC_000077.6;TSS;87987505;-;1;Dynll2_1;1;Dynll2;Gcbox
NC_000077.6;TSS;88204422;+;1;Mrps23_1;1;Mrps23;Gcbox
NC_000077.6;TSS;88718267;-;1;Msi2_1;1;Msi2;Gcbox
NC_000077.6;TSS;94211439;+;1;Tob1_1;1;Tob1;Gcbox
NC_000077.6;TSS;94321930;-;1;Luc7l3_1;1;Luc7l3;Gcbox
NC_000077.6;TSS;94474098;-;1;Cacna1g_1;1;Cacna1g;Gcbox
NC_000077.6;TSS;94991382;+;1;Ppp1r9b_3;3;Ppp1r9b;Gcbox
NC_000077.6;TSS;95414118;+;1;Spop_1;1;Spop;Gcbox
NC_000077.6;TSS;95514554;-;1;Nxph3_1;1;Nxph3;Gcbox
NC_000077.6;TSS;95667000;+;1;Phb_1;1;Phb;Gcbox
NC_000077.6;TSS;96065361;-;1;Ube2z_1;1;Ube2z;Gcbox
NC_000077.6;TSS;96777508;-;1;Snx11_1;1;Snx11;Gcbox
NC_000077.6;TSS;96829493;-;1;Nfe2l1_1;1;Nfe2l1;Gcbox
NC_000077.6;TSS;97280570;-;1;Npepps_1;1;Npepps;Gcbox
NC_000077.6;TSS;97799669;+;1;Lasp1_1;1;Lasp1;Gcbox
NC_000077.6;TSS;98026958;+;1;Rpl19_1;1;Rpl19;Gcbox
NC_000077.6;TSS;98149582;-;1;Fbxl20_1;1;Fbxl20;Gcbox
NC_000077.6;TSS;98203333;+;1;Cdk12_1;1;Cdk12;Gcbox
NC_000077.6;TSS;98220370;+;1;Cdk12_2;2;Cdk12;Gcbox
NC_000077.6;TSS;98775377;-;1;Nr1d1_1;1;Nr1d1;Gcbox
NC_000077.6;TSS;98809852;+;1;Casc3_1;1;Casc3;Gcbox
NC_000077.6;TSS;100319986;+;1;Eif1_1;1;Eif1;Gcbox
NC_000077.6;TSS;100527869;-;1;Acly_1;1;Acly;Gcbox
NC_000077.6;TSS;100584700;-;1;Dnajc7_2;2;Dnajc7;Gcbox
NC_000077.6;TSS;100738179;-;1;Rab5c_1;1;Rab5c;Gcbox
NC_000077.6;TSS;101442421;+;1;Rpl27_1;1;Rpl27;Gcbox
NC_000077.6;TSS;101552867;+;1;Nbr1_1;1;Nbr1;Gcbox
NC_000077.6;TSS;101984757;-;1;Dusp3_1;1;Dusp3;Gcbox
NC_000077.6;TSS;102189859;+;1;G6pc3_2;2;G6pc3;Gcbox
NC_000077.6;TSS;102230139;-;1;Hdac5_1;1;Hdac5;Gcbox
NC_000077.6;TSS;102284978;+;1;Tmub2_1;1;Tmub2;Gcbox
NC_000077.6;TSS;102393443;+;1;Rundc3a_1;1;Rundc3a;Gcbox
NC_000077.6;TSS;102407508;-;1;Slc25a39_1;1;Slc25a39;Gcbox
NC_000077.6;TSS;102430507;+;1;Grn_1;1;Grn;Gcbox
NC_000077.6;TSS;102761433;+;1;Adam11_1;1;Adam11;Gcbox
NC_000077.6;TSS;103171088;+;1;Fmnl1_1;1;Fmnl1;Gcbox
NC_000077.6;TSS;103192403;+;1;Fmnl1_2;2;Fmnl1;Gcbox
NC_000077.6;TSS;103403912;-;1;Plekhm1_2;2;Plekhm1;Gcbox
NC_000077.6;TSS;103412691;-;1;Plekhm1_1;1;Plekhm1;Gcbox
NC_000077.6;TSS;103954024;-;1;Nsf_1;1;Nsf;Gcbox
NC_000077.6;TSS;104231479;+;1;Mapt_1;1;Mapt;Gcbox
NC_000077.6;TSS;104232303;+;1;Mapt_2;2;Mapt;Gcbox
NC_000077.6;TSS;104442320;-;1;Kansl1_2;2;Kansl1;Gcbox
NC_000077.6;TSS;104550512;-;1;Cdc27_1;1;Cdc27;Gcbox
NC_000077.6;TSS;106788494;-;1;Ddx5_1;1;Ddx5;Gcbox
NC_000077.6;TSS;107131894;-;1;Bptf_1;1;Bptf;Gcbox
NC_000077.6;TSS;107189270;-;1;Nol11_1;1;Nol11;Gcbox
NC_000077.6;TSS;107479505;+;1;Psmd12_1;1;Psmd12;Gcbox
NC_000077.6;TSS;107547951;+;1;Helz_1;1;Helz;Gcbox
NC_000077.6;TSS;109649392;+;1;Prkar1a_3;3;Prkar1a;Gcbox
NC_000077.6;TSS;109650542;+;1;Prkar1a_2;2;Prkar1a;Gcbox
NC_000077.6;TSS;109650949;+;1;Prkar1a_1;1;Prkar1a;Gcbox
NC_000077.6;TSS;110337671;-;1;Abca5_1;1;Abca5;Gcbox
NC_000077.6;TSS;114668580;+;1;Rpl38_1;1;Rpl38;Gcbox
NC_000077.6;TSS;115367706;-;1;Hid1_1;1;Hid1;Gcbox
NC_000077.6;TSS;115420154;+;1;Kctd2_1;1;Kctd2;Gcbox
NC_000077.6;TSS;115699338;-;1;Grb2_2;2;Grb2;Gcbox
NC_000077.6;TSS;115708561;-;1;Grb2_1;1;Grb2;Gcbox
NC_000077.6;TSS;115975074;+;1;Itgb4_1;1;Itgb4;Gcbox
NC_000077.6;TSS;116434100;+;1;Ubald2_2;2;Ubald2;Gcbox
NC_000077.6;TSS;116581455;-;1;Ube2o_1;1;Ube2o;Gcbox
NC_000077.6;TSS;116654059;-;1;Cygb_1;1;Cygb;Gcbox
NC_000077.6;TSS;116851192;-;1;Srsf2_2;2;Srsf2;Gcbox
NC_000077.6;TSS;116853090;-;1;Srsf2_1;1;Srsf2;Gcbox
NC_000077.6;TSS;118290194;-;1;Usp36_1;1;Usp36;Gcbox
NC_000077.6;TSS;119547750;-;1;Nptx1_1;1;Nptx1;Gcbox
NC_000077.6;TSS;120348492;-;1;Actg1_1;1;Actg1;Gcbox
NC_000077.6;TSS;120598670;+;1;Anapc11_1;1;Anapc11;Gcbox
NC_000077.6;TSS;120784223;-;1;Rfng_1;1;Rfng;Gcbox
NC_000077.6;TSS;120784530;+;1;Gps1_2;2;Gps1;Gcbox
NC_000078.6;TSS;3309578;-;1;Rab10_2;2;Rab10;Gcbox
NC_000078.6;TSS;3309952;-;1;Rab10_1;1;Rab10;Gcbox
NC_000078.6;TSS;3426909;+;1;Asxl2_1;1;Asxl2;Gcbox
NC_000078.6;TSS;4233965;-;1;Cenpo_2;2;Cenpo;Gcbox
NC_000078.6;TSS;4477170;-;1;Ncoa1_1;1;Ncoa1;Gcbox
NC_000078.6;TSS;4599348;+;1;Itsn2_2;2;Itsn2;Gcbox
NC_000078.6;TSS;4917353;+;1;Atad2b_1;1;Atad2b;Gcbox
NC_000078.6;TSS;5375699;-;1;Klhl29_1;1;Klhl29;Gcbox
NC_000078.6;TSS;8500011;-;1;Rhob_1;1;Rhob;Gcbox
NC_000078.6;TSS;8921666;+;1;Laptm4a_2;2;Laptm4a;Gcbox
NC_000078.6;TSS;11436578;-;1;Vsnl1_1;1;Vsnl1;Gcbox
NC_000078.6;TSS;16894904;+;1;Rock2_2;2;Rock2;Gcbox
NC_000078.6;TSS;16895125;+;1;Rock2_1;1;Rock2;Gcbox
NC_000078.6;TSS;17266589;+;1;Pdia6_1;1;Pdia6;Gcbox
NC_000078.6;TSS;17544972;+;1;Odc1_1;1;Odc1;Gcbox
NC_000078.6;TSS;21286371;+;1;Cpsf3_1;1;Cpsf3;Gcbox
NC_000078.6;TSS;21417543;-;1;Ywhaq_1;1;Ywhaq;Gcbox
NC_000078.6;TSS;24974925;+;1;Kidins220_1;1;Kidins220;Gcbox
NC_000078.6;TSS;25096090;-;1;Id2_1;1;Id2;Gcbox
NC_000078.6;TSS;26456433;-;1;Rsad2_1;1;Rsad2;Gcbox
NC_000078.6;TSS;28750400;-;1;Trappc12_1;1;Trappc12;Gcbox
NC_000078.6;TSS;32954207;+;1;Sypl_1;1;Sypl;Gcbox
NC_000078.6;TSS;36042487;-;1;Tspan13_1;1;Tspan13;Gcbox
NC_000078.6;TSS;36157202;+;1;Ankmy2_1;1;Ankmy2;Gcbox
NC_000078.6;TSS;36314226;+;1;Sostdc1_1;1;Sostdc1;Gcbox
NC_000078.6;TSS;45074323;-;1;Stxbp6_2;2;Stxbp6;Gcbox
NC_000078.6;TSS;49383950;+;1;Foxg1_1;1;Foxg1;Gcbox
NC_000078.6;TSS;51636666;-;1;Strn3_2;2;Strn3;Gcbox
NC_000078.6;TSS;51691897;-;1;Strn3_1;1;Strn3;Gcbox
NC_000078.6;TSS;54862819;-;1;Cfl2_1;1;Cfl2;Gcbox
NC_000078.6;TSS;59061461;-;1;Trappc6b_1;1;Trappc6b;Gcbox
NC_000078.6;TSS;65073947;-;1;Fkbp3_1;1;Fkbp3;Gcbox
NC_000078.6;TSS;65075603;+;1;Fancm_1;1;Fancm;Gcbox
NC_000078.6;TSS;69184044;-;1;Rpl36al_1;1;Rpl36al;Gcbox
NC_000078.6;TSS;69198378;-;1;Dnaaf2_1;1;Dnaaf2;Gcbox
NC_000078.6;TSS;69893141;-;1;Map4k5_1;1;Map4k5;Gcbox
NC_000078.6;TSS;70111985;-;1;Nin_1;1;Nin;Gcbox
NC_000078.6;TSS;70825503;+;1;Frmd6_1;1;Frmd6;Gcbox
NC_000078.6;TSS;70974721;+;1;Psma3_1;1;Psma3;Gcbox
NC_000078.6;TSS;72085857;+;1;Jkamp_1;1;Jkamp;Gcbox
NC_000078.6;TSS;72408702;-;1;Rtn1_2;2;Rtn1;Gcbox
NC_000078.6;TSS;72761307;+;1;Ppm1a_1;1;Ppm1a;Gcbox
NC_000078.6;TSS;75735668;-;1;Sgpp1_1;1;Sgpp1;Gcbox
NC_000078.6;TSS;75818323;+;1;Syne2_1;1;Syne2;Gcbox
NC_000078.6;TSS;76081905;+;1;Syne2_2;2;Syne2;Gcbox
NC_000078.6;TSS;78861553;-;1;Atp6v1d_1;1;Atp6v1d;Gcbox
NC_000078.6;TSS;80260363;-;1;Actn1_1;1;Actn1;Gcbox
NC_000078.6;TSS;80436557;-;1;Dcaf5_1;1;Dcaf5;Gcbox
NC_000078.6;TSS;80945534;+;1;Srsf5_1;1;Srsf5;Gcbox
NC_000078.6;TSS;81781166;-;1;Map3k9_1;1;Map3k9;Gcbox
NC_000078.6;TSS;85473890;+;1;Fos_1;1;Fos;Gcbox
NC_000078.6;TSS;87200257;-;1;Tmed8_1;1;Tmed8;Gcbox
NC_000078.6;TSS;87388266;-;1;Sptlc2_1;1;Sptlc2;Gcbox
NC_000078.6;TSS;89812449;+;1;Nrxn3_2;2;Nrxn3;Gcbox
NC_000078.6;TSS;91589960;-;1;Gtf2a1_2;2;Gtf2a1;Gcbox
NC_000078.6;TSS;91849130;-;1;Sel1l_1;1;Sel1l;Gcbox
NC_000078.6;TSS;95695194;+;1;Flrt2_2;2;Flrt2;Gcbox
NC_000078.6;TSS;100199527;+;1;Calm1_1;1;Calm1;Gcbox
NC_000078.6;TSS;103425847;-;1;Ddx24_1;1;Ddx24;Gcbox
NC_000078.6;TSS;105784996;+;1;Papola_2;2;Papola;Gcbox
NC_000078.6;TSS;108334397;+;1;Cyp46a1_1;1;Cyp46a1;Gcbox
NC_000078.6;TSS;108702297;-;1;Degs2_1;1;Degs2;Gcbox
NC_000078.6;TSS;109734832;+;1;Mirg_1;1;Mirg;Gcbox
NC_000078.6;TSS;110447224;+;1;Ppp2r5c_2;2;Ppp2r5c;Gcbox
NC_000078.6;TSS;110601471;+;1;Dync1h1_1;1;Dync1h1;Gcbox
NC_000078.6;TSS;110696309;-;1;Hsp90aa1_1;1;Hsp90aa1;Gcbox
NC_000078.6;TSS;110889299;+;1;Tecpr2_2;2;Tecpr2;Gcbox
NC_000078.6;TSS;111377619;-;1;Cdc42bpb_1;1;Cdc42bpb;Gcbox
NC_000078.6;TSS;111538216;+;1;Eif5_1;1;Eif5;Gcbox
NC_000078.6;TSS;111574521;+;1;Mark3_1;1;Mark3;Gcbox
NC_000078.6;TSS;111672297;-;1;Ckb_1;1;Ckb;Gcbox
NC_000078.6;TSS;111908066;-;1;Ppp1r13b_1;1;Ppp1r13b;Gcbox
NC_000078.6;TSS;112722184;+;1;Cep170b_1;1;Cep170b;Gcbox
NC_000078.6;TSS;112723056;+;1;Cep170b_2;2;Cep170b;Gcbox
NC_000078.6;TSS;113140230;+;1;Crip2_2;2;Crip2;Gcbox
NC_000078.6;TSS;113140523;+;1;Crip2_1;1;Crip2;Gcbox
NC_000078.6;TSS;116405436;+;1;Ncapg2_1;1;Ncapg2;Gcbox
NC_000078.6;TSS;116485756;+;1;Ptprn2_1;1;Ptprn2;Gcbox
NC_000079.6;TSS;6548163;+;1;Pitrm1_1;1;Pitrm1;Gcbox
NC_000079.6;TSS;9276520;+;1;Dip2c_1;1;Dip2c;Gcbox
NC_000079.6;TSS;12106848;-;1;Ryr2_1;1;Ryr2;Gcbox
NC_000079.6;TSS;13590410;+;1;Lyst_1;1;Lyst;Gcbox
NC_000079.6;TSS;14063802;+;1;Arid4b_1;1;Arid4b;Gcbox
NC_000079.6;TSS;18948357;+;1;Amph_1;1;Amph;Gcbox
NC_000079.6;TSS;25269962;-;1;Nrsn1_1;1;Nrsn1;Gcbox
NC_000079.6;TSS;34078007;-;1;Tubb2a_1;1;Tubb2a;Gcbox
NC_000079.6;TSS;38659010;-;1;Eef1e1_1;1;Eef1e1;Gcbox
NC_000079.6;TSS;40731004;-;1;Tfap2a_2;2;Tfap2a;Gcbox
NC_000079.6;TSS;40733793;-;1;Tfap2a_1;1;Tfap2a;Gcbox
NC_000079.6;TSS;41016302;+;1;Tmem14c_1;1;Tmem14c;Gcbox
NC_000079.6;TSS;42709533;+;1;Phactr1_1;1;Phactr1;Gcbox
NC_000079.6;TSS;45389742;+;1;Mylip_1;1;Mylip;Gcbox
NC_000079.6;TSS;46502177;+;1;Cap2_2;2;Cap2;Gcbox
NC_000079.6;TSS;47106194;-;1;Dek_1;1;Dek;Gcbox
NC_000079.6;TSS;48967803;-;1;Fam120a_1;1;Fam120a;Gcbox
NC_000079.6;TSS;49653086;+;1;Nol8_1;1;Nol8;Gcbox
NC_000079.6;TSS;52530512;-;1;Diras2_2;2;Diras2;Gcbox
NC_000079.6;TSS;53377365;-;1;Sptlc1_1;1;Sptlc1;Gcbox
NC_000079.6;TSS;54611344;-;1;Cltb_1;1;Cltb;Gcbox
NC_000079.6;TSS;54687715;-;1;Rnf44_2;2;Rnf44;Gcbox
NC_000079.6;TSS;54693863;-;1;Rnf44_3;3;Rnf44;Gcbox
NC_000079.6;TSS;54949369;+;1;Unc5a_1;1;Unc5a;Gcbox
NC_000079.6;TSS;55445336;+;1;Grk6_1;1;Grk6;Gcbox
NC_000079.6;TSS;55488061;-;1;Dbn1_1;1;Dbn1;Gcbox
NC_000079.6;TSS;58128556;-;1;Hnrnpa0_1;1;Hnrnpa0;Gcbox
NC_000079.6;TSS;60602202;+;1;Dapk1_2;2;Dapk1;Gcbox
NC_000079.6;TSS;62888161;-;1;Fbp1_1;1;Fbp1;Gcbox
NC_000079.6;TSS;69739881;-;1;Ube2ql1_1;1;Ube2ql1;Gcbox
NC_000079.6;TSS;69809888;+;1;Med10_1;1;Med10;Gcbox
NC_000079.6;TSS;74009475;+;1;Tppp_1;1;Tppp;Gcbox
NC_000079.6;TSS;75943848;-;1;Rhobtb3_1;1;Rhobtb3;Gcbox
NC_000079.6;TSS;89742322;-;1;Vcan_1;1;Vcan;Gcbox
NC_000079.6;TSS;95375315;-;1;Aggf1_1;1;Aggf1;Gcbox
NC_000079.6;TSS;97067272;+;1;Fam169a_2;2;Fam169a;Gcbox
NC_000079.6;TSS;97071575;+;1;Fam169a_1;1;Fam169a;Gcbox
NC_000079.6;TSS;99516545;-;1;Map1b_1;1;Map1b;Gcbox
NC_000079.6;TSS;100651047;-;1;Rad17_1;1;Rad17;Gcbox
NC_000079.6;TSS;100730912;-;1;Cdk7_1;1;Cdk7;Gcbox
NC_000079.6;TSS;108670580;+;1;Pde4d_1;1;Pde4d;Gcbox
NC_000079.6;TSS;109903400;+;1;Pde4d_2;2;Pde4d;Gcbox
NC_000079.6;TSS;112464130;+;1;Il6st_1;1;Il6st;Gcbox
NC_000079.6;TSS;112927714;+;1;Dhx29_1;1;Dhx29;Gcbox
NC_000079.6;TSS;117602341;+;1;Hcn1_2;2;Hcn1;Gcbox
NC_000079.6;TSS;119790780;-;1;Zfp131_2;2;Zfp131;Gcbox
NC_000080.6;TSS;8002935;+;1;Abhd6_1;1;Abhd6;Gcbox
NC_000080.6;TSS;8016581;+;1;Abhd6_2;2;Abhd6;Gcbox
NC_000080.6;TSS;16365178;+;1;Top2b_1;1;Top2b;Gcbox
NC_000080.6;TSS;18270983;-;1;Rpl15_1;1;Rpl15;Gcbox
NC_000080.6;TSS;18331793;-;1;Ube2e1_1;1;Ube2e1;Gcbox
NC_000080.6;TSS;19976982;-;1;Gng2_1;1;Gng2;Gcbox
NC_000080.6;TSS;20479941;-;1;Anxa7_1;1;Anxa7;Gcbox
NC_000080.6;TSS;20794043;-;1;Camk2g_1;1;Camk2g;Gcbox
NC_000080.6;TSS;21052482;-;1;Ap3m1_1;1;Ap3m1;Gcbox
NC_000080.6;TSS;21500889;+;1;Kat6b_1;1;Kat6b;Gcbox
NC_000080.6;TSS;24245681;-;1;Dlg5_2;2;Dlg5;Gcbox
NC_000080.6;TSS;24245920;-;1;Dlg5_1;1;Dlg5;Gcbox
NC_000080.6;TSS;24490718;+;1;Rps24_1;1;Rps24;Gcbox
NC_000080.6;TSS;26970521;-;1;Appl1_1;1;Appl1;Gcbox
NC_000080.6;TSS;31019703;+;1;Pbrm1_2;2;Pbrm1;Gcbox
NC_000080.6;TSS;31206700;-;1;Nisch_1;1;Nisch;Gcbox
NC_000080.6;TSS;33447155;-;1;Mapk8_1;1;Mapk8;Gcbox
NC_000080.6;TSS;34502540;-;1;Bmpr1a_1;1;Bmpr1a;Gcbox
NC_000080.6;TSS;45329828;+;1;Psmc6_1;1;Psmc6;Gcbox
NC_000080.6;TSS;47418175;-;1;Dlgap5_1;1;Dlgap5;Gcbox
NC_000080.6;TSS;51893669;+;1;Slc39a2_1;1;Slc39a2;Gcbox
NC_000080.6;TSS;51913358;-;1;Ndrg2_1;1;Ndrg2;Gcbox
NC_000080.6;TSS;52136489;+;1;Rpgrip1_2;2;Rpgrip1;Gcbox
NC_000080.6;TSS;54618014;-;1;Psmb5_1;1;Psmb5;Gcbox
NC_000080.6;TSS;54894143;+;1;Pabpn1_1;1;Pabpn1;Gcbox
NC_000080.6;TSS;55510624;+;1;Cpne6_1;1;Cpne6;Gcbox
NC_000080.6;TSS;55630861;-;1;Ipo4_2;2;Ipo4;Gcbox
NC_000080.6;TSS;55671880;-;1;Nedd8_1;1;Nedd8;Gcbox
NC_000080.6;TSS;55824881;+;1;Nfatc4_1;1;Nfatc4;Gcbox
NC_000080.6;TSS;56668271;+;1;Mphosph8_1;1;Mphosph8;Gcbox
NC_000080.6;TSS;63122516;+;1;Ctsb_1;1;Ctsb;Gcbox
NC_000080.6;TSS;65593043;-;1;Elp3_1;1;Elp3;Gcbox
NC_000080.6;TSS;66280981;-;1;Ptk2b_1;1;Ptk2b;Gcbox
NC_000080.6;TSS;66868637;-;1;Dpysl2_1;1;Dpysl2;Gcbox
NC_000080.6;TSS;66911237;+;1;Pnma2_1;1;Pnma2;Gcbox
NC_000080.6;TSS;67008847;-;1;Bnip3l_1;1;Bnip3l;Gcbox
NC_000080.6;TSS;69609167;+;1;Loxl2_1;1;Loxl2;Gcbox
NC_000080.6;TSS;70100137;+;1;Bin3_1;1;Bin3;Gcbox
NC_000080.6;TSS;73385275;-;1;Itm2b_1;1;Itm2b;Gcbox
NC_000080.6;TSS;73552798;+;1;Sucla2_1;1;Sucla2;Gcbox
NC_000080.6;TSS;75845331;+;1;Tpt1_1;1;Tpt1;Gcbox
NC_000080.6;TSS;78536843;-;1;Akap11_1;1;Akap11;Gcbox
NC_000080.6;TSS;84443563;+;1;Pcdh17_1;1;Pcdh17;Gcbox
NC_000080.6;TSS;93890684;-;1;Pcdh9_1;1;Pcdh9;Gcbox
NC_000080.6;TSS;103099526;-;1;Fbxl3_1;1;Fbxl3;Gcbox
NC_000080.6;TSS;103346807;-;1;Mycbp2_1;1;Mycbp2;Gcbox
NC_000080.6;TSS;105258744;+;1;Ndfip2_1;1;Ndfip2;Gcbox
NC_000080.6;TSS;118937976;+;1;Dnajc3_1;1;Dnajc3;Gcbox
NC_000080.6;TSS;119007453;-;1;Uggt2_1;1;Uggt2;Gcbox
NC_000080.6;TSS;120911233;+;1;Ipo5_1;1;Ipo5;Gcbox
NC_000080.6;TSS;121379248;-;1;Stk24_1;1;Stk24;Gcbox
NC_000080.6;TSS;121878638;+;1;Ubac2_1;1;Ubac2;Gcbox
NC_000081.6;TSS;4026746;+;1;Oxct1_1;1;Oxct1;Gcbox
NC_000081.6;TSS;5116645;+;1;Rpl37_1;1;Rpl37;Gcbox
NC_000081.6;TSS;10470573;-;1;Dnajc21_1;1;Dnajc21;Gcbox
NC_000081.6;TSS;11996005;-;1;Sub1_1;1;Sub1;Gcbox
NC_000081.6;TSS;12599061;-;1;Pdzd2_2;2;Pdzd2;Gcbox
NC_000081.6;TSS;12739892;-;1;Pdzd2_1;1;Pdzd2;Gcbox
NC_000081.6;TSS;25413737;-;1;Basp1_1;1;Basp1;Gcbox
NC_000081.6;TSS;28025943;-;1;Trio_1;1;Trio;Gcbox
NC_000081.6;TSS;32920817;+;1;Sdc2_1;1;Sdc2;Gcbox
NC_000081.6;TSS;36608972;-;1;Pabpc1_1;1;Pabpc1;Gcbox
NC_000081.6;TSS;37007318;-;1;Zfp706_1;1;Zfp706;Gcbox
NC_000081.6;TSS;37792027;-;1;Ncald_2;2;Ncald;Gcbox
NC_000081.6;TSS;37961048;-;1;Rrm2b_1;1;Rrm2b;Gcbox
NC_000081.6;TSS;38078829;-;1;Ubr5_1;1;Ubr5;Gcbox
NC_000081.6;TSS;38519263;-;1;Azin1_1;1;Azin1;Gcbox
NC_000081.6;TSS;38661944;+;1;Atp6v1c1_1;1;Atp6v1c1;Gcbox
NC_000081.6;TSS;41788941;+;1;Oxr1_1;1;Oxr1;Gcbox
NC_000081.6;TSS;43282708;-;1;Eif3e_1;1;Eif3e;Gcbox
NC_000081.6;TSS;51865483;-;1;Eif3h_1;1;Eif3h;Gcbox
NC_000081.6;TSS;53346132;-;1;Ext1_1;1;Ext1;Gcbox
NC_000081.6;TSS;55072152;-;1;Taf2_1;1;Taf2;Gcbox
NC_000081.6;TSS;55112366;+;1;Deptor_1;1;Deptor;Gcbox
NC_000081.6;TSS;58933801;+;1;Ndufb9_1;1;Ndufb9;Gcbox
NC_000081.6;TSS;59082062;-;1;Mtss1_1;1;Mtss1;Gcbox
NC_000081.6;TSS;59315072;+;1;Sqle_1;1;Sqle;Gcbox
NC_000081.6;TSS;64312654;-;1;Asap1_1;1;Asap1;Gcbox
NC_000081.6;TSS;64382953;-;1;Asap1_3;3;Asap1;Gcbox
NC_000081.6;TSS;65787038;+;1;Efr3a_1;1;Efr3a;Gcbox
NC_000081.6;TSS;66577581;+;1;Phf20l1_1;1;Phf20l1;Gcbox
NC_000081.6;TSS;66579570;+;1;Phf20l1_2;2;Phf20l1;Gcbox
NC_000081.6;TSS;73055880;-;1;Trappc9_2;2;Trappc9;Gcbox
NC_000081.6;TSS;73061045;-;1;Trappc9_1;1;Trappc9;Gcbox
NC_000081.6;TSS;74955648;+;1;Ly6e_1;1;Ly6e;Gcbox
NC_000081.6;TSS;75566863;-;1;Ly6h_1;1;Ly6h;Gcbox
NC_000081.6;TSS;75567184;-;1;Ly6h_2;2;Ly6h;Gcbox
NC_000081.6;TSS;76080909;-;1;Puf60_1;1;Puf60;Gcbox
NC_000081.6;TSS;76091627;-;1;Nrbp2_1;1;Nrbp2;Gcbox
NC_000081.6;TSS;76195698;-;1;Plec_1;1;Plec;Gcbox
NC_000081.6;TSS;76198197;-;1;Plec_5;5;Plec;Gcbox
NC_000081.6;TSS;76206321;-;1;Plec_3;3;Plec;Gcbox
NC_000081.6;TSS;76209077;-;1;Plec_4;4;Plec;Gcbox
NC_000081.6;TSS;76229500;-;1;Plec_2;2;Plec;Gcbox
NC_000081.6;TSS;76232577;-;1;Plec_6;6;Plec;Gcbox
NC_000081.6;TSS;76246800;+;1;Grina_1;1;Grina;Gcbox
NC_000081.6;TSS;76343539;+;1;Cyc1_1;1;Cyc1;Gcbox
NC_000081.6;TSS;76351325;+;1;Maf1_1;1;Maf1;Gcbox
NC_000081.6;TSS;76380532;+;1;Mroh1_1;1;Mroh1;Gcbox
NC_000081.6;TSS;76659823;+;1;Kifc2_1;1;Kifc2;Gcbox
NC_000081.6;TSS;77307008;-;1;Rbfox2_2;2;Rbfox2;Gcbox
NC_000081.6;TSS;77842115;-;1;Myh9_1;1;Myh9;Gcbox
NC_000081.6;TSS;77928974;-;1;Txn2_1;1;Txn2;Gcbox
NC_000081.6;TSS;78718829;-;1;Elfn2_1;1;Elfn2;Gcbox
NC_000081.6;TSS;78926726;+;1;Lgals1_1;1;Lgals1;Gcbox
NC_000081.6;TSS;79328138;-;1;Pla2g6_1;1;Pla2g6;Gcbox
NC_000081.6;TSS;79396871;-;1;Tmem184b_2;2;Tmem184b;Gcbox
NC_000081.6;TSS;81399689;-;1;St13_1;1;St13;Gcbox
NC_000081.6;TSS;81466348;+;1;Rbx1_1;1;Rbx1;Gcbox
NC_000081.6;TSS;81745148;+;1;Zc3h7b_1;1;Zc3h7b;Gcbox
NC_000081.6;TSS;81858273;-;1;Tob2_1;1;Tob2;Gcbox
NC_000081.6;TSS;81872484;+;1;Aco2_1;1;Aco2;Gcbox
NC_000081.6;TSS;81960864;-;1;Pmm1_1;1;Pmm1;Gcbox
NC_000081.6;TSS;82016161;-;1;Desi1_1;1;Desi1;Gcbox
NC_000081.6;TSS;82354237;-;1;Ndufa6_1;1;Ndufa6;Gcbox
NC_000081.6;TSS;82899811;-;1;Tcf20_1;1;Tcf20;Gcbox
NC_000081.6;TSS;82912187;-;1;Tcf20_2;2;Tcf20;Gcbox
NC_000081.6;TSS;83149297;-;1;Poldip3_1;1;Poldip3;Gcbox
NC_000081.6;TSS;83464583;-;1;Pacsin2_1;1;Pacsin2;Gcbox
NC_000081.6;TSS;83780063;+;1;Mpped1_1;1;Mpped1;Gcbox
NC_000081.6;TSS;84192240;+;1;Samm50_1;1;Samm50;Gcbox
NC_000081.6;TSS;85832344;+;1;Ttc38_1;1;Ttc38;Gcbox
NC_000081.6;TSS;89355772;+;1;Ncaph2_1;1;Ncaph2;Gcbox
NC_000081.6;TSS;91049838;-;1;Kif21a_1;1;Kif21a;Gcbox
NC_000081.6;TSS;91050042;-;1;Kif21a_2;2;Kif21a;Gcbox
NC_000081.6;TSS;93275163;-;1;Gxylt1_1;1;Gxylt1;Gcbox
NC_000081.6;TSS;93336476;-;1;Yaf2_1;1;Yaf2;Gcbox
NC_000081.6;TSS;93397235;-;1;Zcrb1_2;2;Zcrb1;Gcbox
NC_000081.6;TSS;93398334;-;1;Zcrb1_1;1;Zcrb1;Gcbox
NC_000081.6;TSS;94589846;-;1;Twf1_1;1;Twf1;Gcbox
NC_000081.6;TSS;96642913;-;1;Slc38a1_2;2;Slc38a1;Gcbox
NC_000081.6;TSS;96699707;-;1;Slc38a2_1;1;Slc38a2;Gcbox
NC_000081.6;TSS;97055956;-;1;Slc38a4_1;1;Slc38a4;Gcbox
NC_000081.6;TSS;98607633;-;1;Adcy6_1;1;Adcy6;Gcbox
NC_000081.6;TSS;99029900;+;1;Tuba1c_2;2;Tuba1c;Gcbox
NC_000081.6;TSS;99030321;+;1;Tuba1c_1;1;Tuba1c;Gcbox
NC_000081.6;TSS;99251942;-;1;Mcrs1_1;1;Mcrs1;Gcbox
NC_000081.6;TSS;99392986;+;1;Tmbim6_1;1;Tmbim6;Gcbox
NC_000081.6;TSS;99393592;+;1;Tmbim6_2;2;Tmbim6;Gcbox
NC_000081.6;TSS;100551969;-;1;Tfcp2_1;1;Tfcp2;Gcbox
NC_000081.6;TSS;102073923;+;1;Eif4b_1;1;Eif4b;Gcbox
NC_000081.6;TSS;102510792;-;1;Map3k12_1;1;Map3k12;Gcbox
NC_000081.6;TSS;102516819;-;1;Map3k12_2;2;Map3k12;Gcbox
NC_000082.6;TSS;3884668;+;1;Naa60_1;1;Naa60;Gcbox
NC_000082.6;TSS;4789930;-;1;Cdip1_1;1;Cdip1;Gcbox
NC_000082.6;TSS;5050057;+;1;Ubn1_1;1;Ubn1;Gcbox
NC_000082.6;TSS;6349130;+;1;Rbfox1_2;2;Rbfox1;Gcbox
NC_000082.6;TSS;10313843;-;1;Emp2_1;1;Emp2;Gcbox
NC_000082.6;TSS;10835068;+;1;Rmi2_1;1;Rmi2;Gcbox
NC_000082.6;TSS;11134614;-;1;Txndc11_1;1;Txndc11;Gcbox
NC_000082.6;TSS;11322924;+;1;Snx29_1;1;Snx29;Gcbox
NC_000082.6;TSS;13819330;+;1;Ntan1_1;1;Ntan1;Gcbox
NC_000082.6;TSS;14159269;-;1;Marf1_1;1;Marf1;Gcbox
NC_000082.6;TSS;16983405;+;1;Mapk1_1;1;Mapk1;Gcbox
NC_000082.6;TSS;17201479;-;1;Ube2l3_1;1;Ube2l3;Gcbox
NC_000082.6;TSS;18235136;-;1;Zdhhc8_1;1;Zdhhc8;Gcbox
NC_000082.6;TSS;20425897;-;1;Abcc5_3;3;Abcc5;Gcbox
NC_000082.6;TSS;20537641;+;1;Ap2m1_2;2;Ap2m1;Gcbox
NC_000082.6;TSS;20621289;-;1;Camk2n2_1;1;Camk2n2;Gcbox
NC_000082.6;TSS;20651704;+;1;Psmd2_1;1;Psmd2;Gcbox
NC_000082.6;TSS;20672808;+;1;Eif4g1_1;1;Eif4g1;Gcbox
NC_000082.6;TSS;21947551;-;1;Tmem41a_1;1;Tmem41a;Gcbox
NC_000082.6;TSS;21995485;-;1;Liph_1;1;Liph;Gcbox
NC_000082.6;TSS;22009541;+;1;Senp2_1;1;Senp2;Gcbox
NC_000082.6;TSS;22265929;-;1;Tra2b_1;1;Tra2b;Gcbox
NC_000082.6;TSS;24393490;+;1;Lpp_3;3;Lpp;Gcbox
NC_000082.6;TSS;24721855;+;1;Lpp_4;4;Lpp;Gcbox
NC_000082.6;TSS;31664148;+;1;Dlg1_2;2;Dlg1;Gcbox
NC_000082.6;TSS;32079308;-;1;Pak2_1;1;Pak2;Gcbox
NC_000082.6;TSS;32332257;+;1;Ubxn7_1;1;Ubxn7;Gcbox
NC_000082.6;TSS;32914122;+;1;Lrch3_1;1;Lrch3;Gcbox
NC_000082.6;TSS;33829653;+;1;Itgb5_1;1;Itgb5;Gcbox
NC_000082.6;TSS;35871382;-;1;Parp14_1;1;Parp14;Gcbox
NC_000082.6;TSS;35938900;-;1;Dtx3l_1;1;Dtx3l;Gcbox
NC_000082.6;TSS;36875140;+;1;AK089379_1;1;AK089379;Gcbox
NC_000082.6;TSS;36875233;+;1;Golgb1_1;1;Golgb1;Gcbox
NC_000082.6;TSS;37654367;-;1;Ndufb4_1;1;Ndufb4;Gcbox
NC_000082.6;TSS;37777057;+;1;Fstl1_1;1;Fstl1;Gcbox
NC_000082.6;TSS;44139838;+;1;Naa50_1;1;Naa50;Gcbox
NC_000082.6;TSS;45158829;+;1;Atg3_1;1;Atg3;Gcbox
NC_000082.6;TSS;45159064;+;1;Atg3_2;2;Atg3;Gcbox
NC_000082.6;TSS;45409023;-;1;Cd200_1;1;Cd200;Gcbox
NC_000082.6;TSS;48994116;-;1;Dzip3_2;2;Dzip3;Gcbox
NC_000082.6;TSS;49699257;+;1;Ift57_1;1;Ift57;Gcbox
NC_000082.6;TSS;55822138;-;1;Nfkbiz_1;1;Nfkbiz;Gcbox
NC_000082.6;TSS;55838655;-;1;Nfkbiz_2;2;Nfkbiz;Gcbox
NC_000082.6;TSS;57121735;+;1;Tomm70a_1;1;Tomm70a;Gcbox
NC_000082.6;TSS;64851730;-;1;Zfp654_1;1;Zfp654;Gcbox
NC_000082.6;TSS;64852009;+;1;Cggbp1_1;1;Cggbp1;Gcbox
NC_000082.6;TSS;67620886;-;1;Cadm2_1;1;Cadm2;Gcbox
NC_000082.6;TSS;84835600;-;1;Atp5j_2;2;Atp5j;Gcbox
NC_000082.6;TSS;87495857;-;1;Cct8_1;1;Cct8;Gcbox
NC_000082.6;TSS;90220762;+;1;Sod1_1;1;Sod1;Gcbox
NC_000082.6;TSS;91011044;-;1;Synj1_1;1;Synj1;Gcbox
NC_000082.6;TSS;91597673;-;1;Tmem50b_1;1;Tmem50b;Gcbox
NC_000082.6;TSS;91647884;+;1;Son_1;1;Son;Gcbox
NC_000082.6;TSS;92058322;+;1;Mrps6_1;1;Mrps6;Gcbox
NC_000082.6;TSS;92466139;-;1;Rcan1_2;2;Rcan1;Gcbox
NC_000082.6;TSS;94290279;-;1;Hlcs_1;1;Hlcs;Gcbox
NC_000082.6;TSS;94856696;-;1;Kcnj6_2;2;Kcnj6;Gcbox
NC_000082.6;TSS;95702456;+;1;Ets2_1;1;Ets2;Gcbox
NC_000082.6;TSS;97962615;-;1;Zbtb21_1;1;Zbtb21;Gcbox
NC_000083.6;TSS;6317434;-;1;Dynlt1a_1;1;Dynlt1a;Gcbox
NC_000083.6;TSS;6782755;-;1;Ezr_1;1;Ezr;Gcbox
NC_000083.6;TSS;6978905;+;1;Rnaset2b_1;1;Rnaset2b;Gcbox
NC_000083.6;TSS;8147787;-;1;Rnaset2a_1;1;Rnaset2a;Gcbox
NC_000083.6;TSS;8340739;+;1;Prr18_1;1;Prr18;Gcbox
NC_000083.6;TSS;12769654;-;1;Igf2r_1;1;Igf2r;Gcbox
NC_000083.6;TSS;12960712;-;1;Acat2_1;1;Acat2;Gcbox
NC_000083.6;TSS;20945455;+;1;Ppp2r1a_1;1;Ppp2r1a;Gcbox
NC_000083.6;TSS;23771581;-;1;Flywch1_1;1;Flywch1;Gcbox
NC_000083.6;TSS;23803493;+;1;Srrm2_2;2;Srrm2;Gcbox
NC_000083.6;TSS;24141552;-;1;Pdpk1_1;1;Pdpk1;Gcbox
NC_000083.6;TSS;24470459;+;1;Pgp_1;1;Pgp;Gcbox
NC_000083.6;TSS;24533722;-;1;Rab26_1;1;Rab26;Gcbox
NC_000083.6;TSS;24550054;+;1;Pkd1_1;1;Pkd1;Gcbox
NC_000083.6;TSS;24632618;-;1;Tsc2_1;1;Tsc2;Gcbox
NC_000083.6;TSS;24644941;-;1;Slc9a3r2_2;2;Slc9a3r2;Gcbox
NC_000083.6;TSS;24650305;-;1;Slc9a3r2_1;1;Slc9a3r2;Gcbox
NC_000083.6;TSS;25256281;-;1;Baiap3_1;1;Baiap3;Gcbox
NC_000083.6;TSS;25273373;-;1;Ube2i_2;2;Ube2i;Gcbox
NC_000083.6;TSS;25273870;-;1;Ube2i_3;3;Ube2i;Gcbox
NC_000083.6;TSS;25919719;-;1;Rab40c_1;1;Rab40c;Gcbox
NC_000083.6;TSS;26090122;-;1;Decr2_1;1;Decr2;Gcbox
NC_000083.6;TSS;26138733;+;1;Axin1_1;1;Axin1;Gcbox
NC_000083.6;TSS;26508472;-;1;Dusp1_1;1;Dusp1;Gcbox
NC_000083.6;TSS;27635240;-;1;Rps10_1;1;Rps10;Gcbox
NC_000083.6;TSS;27856494;+;1;Uhrf1bp1_1;1;Uhrf1bp1;Gcbox
NC_000083.6;TSS;28691430;+;1;Mapk14_1;1;Mapk14;Gcbox
NC_000083.6;TSS;29007951;-;1;Stk38_1;1;Stk38;Gcbox
NC_000083.6;TSS;30005084;+;1;Zfand3_1;1;Zfand3;Gcbox
NC_000083.6;TSS;31520183;+;1;Ndufv3_1;1;Ndufv3;Gcbox
NC_000083.6;TSS;31658713;-;1;U2af1_1;1;U2af1;Gcbox
NC_000083.6;TSS;32321138;-;1;Akap8_1;1;Akap8;Gcbox
NC_000083.6;TSS;33955663;-;1;Rps18_1;1;Rps18;Gcbox
NC_000083.6;TSS;34031812;+;1;Rxrb_1;1;Rxrb;Gcbox
NC_000083.6;TSS;34032369;+;1;Rxrb_2;2;Rxrb;Gcbox
NC_000083.6;TSS;34119331;-;1;Brd2_1;1;Brd2;Gcbox
NC_000083.6;TSS;34122604;-;1;Brd2_2;2;Brd2;Gcbox
NC_000083.6;TSS;35121257;-;1;Csnk2b_1;1;Csnk2b;Gcbox
NC_000083.6;TSS;35126408;+;1;D17H6S53E_1;1;D17H6S53E;Gcbox
NC_000083.6;TSS;35135529;+;1;Bag6_2;2;Bag6;Gcbox
NC_000083.6;TSS;35135744;+;1;Bag6_4;4;Bag6;Gcbox
NC_000083.6;TSS;35164877;-;1;Prrc2a_1;1;Prrc2a;Gcbox
NC_000083.6;TSS;35841675;+;1;Mdc1_1;1;Mdc1;Gcbox
NC_000083.6;TSS;35979964;+;1;Gnl1_1;1;Gnl1;Gcbox
NC_000083.6;TSS;37046053;+;1;Gabbr1_1;1;Gabbr1;Gcbox
NC_000083.6;TSS;37046574;+;1;Gabbr1_2;2;Gabbr1;Gcbox
NC_000083.6;TSS;37050897;+;1;Gabbr1_3;3;Gabbr1;Gcbox
NC_000083.6;TSS;43801838;+;1;Rcan2_2;2;Rcan2;Gcbox
NC_000083.6;TSS;43801976;+;1;Rcan2_3;3;Rcan2;Gcbox
NC_000083.6;TSS;44078866;+;1;Enpp5_1;1;Enpp5;Gcbox
NC_000083.6;TSS;44736661;-;1;Runx2_3;3;Runx2;Gcbox
NC_000083.6;TSS;45573266;-;1;Hsp90ab1_1;1;Hsp90ab1;Gcbox
NC_000083.6;TSS;46032374;-;1;Vegfa_1;1;Vegfa;Gcbox
NC_000083.6;TSS;46556169;-;1;Srf_1;1;Srf;Gcbox
NC_000083.6;TSS;46629455;-;1;Ptk7_1;1;Ptk7;Gcbox
NC_000083.6;TSS;46680801;-;1;Klhdc3_1;1;Klhdc3;Gcbox
NC_000083.6;TSS;46680914;-;1;Klhdc3_2;2;Klhdc3;Gcbox
NC_000083.6;TSS;46711481;+;1;Pex6_1;1;Pex6;Gcbox
NC_000083.6;TSS;46763666;-;1;Ptcra_1;1;Ptcra;Gcbox
NC_000083.6;TSS;47141145;+;1;Trerf1_1;1;Trerf1;Gcbox
NC_000083.6;TSS;50509584;+;1;Plcl2_1;1;Plcl2;Gcbox
NC_000083.6;TSS;51832626;-;1;Satb1_1;1;Satb1;Gcbox
NC_000083.6;TSS;53479260;+;1;Rab5a_1;1;Rab5a;Gcbox
NC_000083.6;TSS;56287902;-;1;Plin3_2;2;Plin3;Gcbox
NC_000083.6;TSS;56290511;-;1;Plin3_1;1;Plin3;Gcbox
NC_000083.6;TSS;56300241;-;1;Arrdc5_1;1;Arrdc5;Gcbox
NC_000083.6;TSS;56303406;+;1;Uhrf1_1;1;Uhrf1;Gcbox
NC_000083.6;TSS;56304348;+;1;Uhrf1_2;2;Uhrf1;Gcbox
NC_000083.6;TSS;56462180;-;1;Ptprs_2;2;Ptprs;Gcbox
NC_000083.6;TSS;57059832;-;1;Slc25a23_1;1;Slc25a23;Gcbox
NC_000083.6;TSS;57087600;-;1;Tubb4a_1;1;Tubb4a;Gcbox
NC_000083.6;TSS;62881408;-;1;Efna5_1;1;Efna5;Gcbox
NC_000083.6;TSS;63500370;-;1;Fbxl17_2;2;Fbxl17;Gcbox
NC_000083.6;TSS;63500592;-;1;Fbxl17_1;1;Fbxl17;Gcbox
NC_000083.6;TSS;64331862;-;1;Pja2_1;1;Pja2;Gcbox
NC_000083.6;TSS;65613496;-;1;Vapa_1;1;Vapa;Gcbox
NC_000083.6;TSS;66077044;-;1;Ankrd12_1;1;Ankrd12;Gcbox
NC_000083.6;TSS;66101509;-;1;Ndufv2_1;1;Ndufv2;Gcbox
NC_000083.6;TSS;71002521;-;1;Myl12a_2;2;Myl12a;Gcbox
NC_000083.6;TSS;71782614;+;1;Clip4_2;2;Clip4;Gcbox
NC_000083.6;TSS;74489514;+;1;Yipf4_1;1;Yipf4;Gcbox
NC_000083.6;TSS;84958001;+;1;Ppm1b_1;1;Ppm1b;Gcbox
NC_000083.6;TSS;84965046;+;1;Ppm1b_2;2;Ppm1b;Gcbox
NC_000083.6;TSS;87446863;-;1;Calm2_1;1;Calm2;Gcbox
NC_000084.6;TSS;6516076;-;1;Epc1_1;1;Epc1;Gcbox
NC_000084.6;TSS;12941793;-;1;Osbpl1a_1;1;Osbpl1a;Gcbox
NC_000084.6;TSS;12972295;+;1;Impact_1;1;Impact;Gcbox
NC_000084.6;TSS;16809276;-;1;Cdh2_1;1;Cdh2;Gcbox
NC_000084.6;TSS;21001329;+;1;Rnf138_2;2;Rnf138;Gcbox
NC_000084.6;TSS;21001939;+;1;Rnf138_1;1;Rnf138;Gcbox
NC_000084.6;TSS;23954678;+;1;Zfp397_1;1;Zfp397;Gcbox
NC_000084.6;TSS;24603961;+;1;Elp2_1;1;Elp2;Gcbox
NC_000084.6;TSS;32377233;+;1;Bin1_1;1;Bin1;Gcbox
NC_000084.6;TSS;34220916;+;1;Apc_1;1;Apc;Gcbox
NC_000084.6;TSS;35562232;+;1;Matr3_2;2;Matr3;Gcbox
NC_000084.6;TSS;36560614;+;1;Ankhd1_1;1;Ankhd1;Gcbox
NC_000084.6;TSS;36606193;+;1;Ankhd1_2;2;Ankhd1;Gcbox
NC_000084.6;TSS;36744527;-;1;Ndufa2_1;1;Ndufa2;Gcbox
NC_000084.6;TSS;37954974;-;1;Hdac3_1;1;Hdac3;Gcbox
NC_000084.6;TSS;37955598;+;1;Rell2_1;1;Rell2;Gcbox
NC_000084.6;TSS;38296694;+;1;Rnf14_1;1;Rnf14;Gcbox
NC_000084.6;TSS;38296832;+;1;Rnf14_2;2;Rnf14;Gcbox
NC_000084.6;TSS;38418966;+;1;Ndfip1_1;1;Ndfip1;Gcbox
NC_000084.6;TSS;38993165;+;1;Arhgap26_1;1;Arhgap26;Gcbox
NC_000084.6;TSS;43059458;-;1;Ppp2r2b_2;2;Ppp2r2b;Gcbox
NC_000084.6;TSS;46597516;-;1;Tmed7_1;1;Tmed7;Gcbox
NC_000084.6;TSS;53744553;-;1;Cep120_1;1;Cep120;Gcbox
NC_000084.6;TSS;57878631;+;1;Slc12a2_1;1;Slc12a2;Gcbox
NC_000084.6;TSS;60774653;+;1;Rps14_1;1;Rps14;Gcbox
NC_000084.6;TSS;62977861;+;1;Napg_1;1;Napg;Gcbox
NC_000084.6;TSS;64254383;+;1;St8sia3_2;2;St8sia3;Gcbox
NC_000084.6;TSS;64265395;+;1;St8sia3_1;1;St8sia3;Gcbox
NC_000084.6;TSS;64887708;+;1;Nedd4l_1;1;Nedd4l;Gcbox
NC_000084.6;TSS;65023889;+;1;Nedd4l_2;2;Nedd4l;Gcbox
NC_000084.6;TSS;67610869;-;1;Spire1_1;1;Spire1;Gcbox
NC_000084.6;TSS;67724590;-;1;Ptpn2_1;1;Ptpn2;Gcbox
NC_000084.6;TSS;67800134;+;1;Cep192_1;1;Cep192;Gcbox
NC_000084.6;TSS;69344549;+;1;Tcf4_2;2;Tcf4;Gcbox
NC_000084.6;TSS;69347064;+;1;Tcf4_3;3;Tcf4;Gcbox
NC_000084.6;TSS;70053346;-;1;Rab27b_2;2;Rab27b;Gcbox
NC_000084.6;TSS;75367364;+;1;Smad7_1;1;Smad7;Gcbox
NC_000084.6;TSS;77773998;+;1;Atp5a1_1;1;Atp5a1;Gcbox
NC_000084.6;TSS;77938466;+;1;Epg5_1;1;Epg5;Gcbox
NC_000084.6;TSS;86394960;+;1;Neto1_1;1;Neto1;Gcbox
NC_000085.6;TSS;4121547;-;1;Aip_1;1;Aip;Gcbox
NC_000085.6;TSS;4125848;-;1;Aip_2;2;Aip;Gcbox
NC_000085.6;TSS;4148654;+;1;Coro1b_1;1;Coro1b;Gcbox
NC_000085.6;TSS;4192174;+;1;Ppp1ca_1;1;Ppp1ca;Gcbox
NC_000085.6;TSS;4283113;-;1;Ankrd13d_1;1;Ankrd13d;Gcbox
NC_000085.6;TSS;4855223;+;1;Ctsf_1;1;Ctsf;Gcbox
NC_000085.6;TSS;5098494;-;1;Cnih2_1;1;Cnih2;Gcbox
NC_000085.6;TSS;5118351;-;1;Klc2_1;1;Klc2;Gcbox
NC_000085.6;TSS;5424799;-;1;Drap1_3;3;Drap1;Gcbox
NC_000085.6;TSS;5424914;-;1;Drap1_1;1;Drap1;Gcbox
NC_000085.6;TSS;5490521;+;1;Cfl1_1;1;Cfl1;Gcbox
NC_000085.6;TSS;5704465;+;1;Kcnk7_1;1;Kcnk7;Gcbox
NC_000085.6;TSS;6057755;-;1;Mrpl49_1;1;Mrpl49;Gcbox
NC_000085.6;TSS;6057951;+;1;Fau_1;1;Fau;Gcbox
NC_000085.6;TSS;6363933;+;1;Sf1_2;2;Sf1;Gcbox
NC_000085.6;TSS;6909612;-;1;Prdx5_1;1;Prdx5;Gcbox
NC_000085.6;TSS;7039966;-;1;Stip1_1;1;Stip1;Gcbox
NC_000085.6;TSS;7206278;-;1;Otub1_1;1;Otub1;Gcbox
NC_000085.6;TSS;7295443;-;1;Mark2_1;1;Mark2;Gcbox
NC_000085.6;TSS;7341606;-;1;Mark2_2;2;Mark2;Gcbox
NC_000085.6;TSS;8757148;+;1;Nxf1_1;1;Nxf1;Gcbox
NC_000085.6;TSS;8871548;+;1;Ubxn1_1;1;Ubxn1;Gcbox
NC_000085.6;TSS;8920415;+;1;B3gat3_1;1;B3gat3;Gcbox
NC_000085.6;TSS;8967195;+;1;Eef1g_1;1;Eef1g;Gcbox
NC_000085.6;TSS;9982704;+;1;Fth1_1;1;Fth1;Gcbox
NC_000085.6;TSS;10605636;+;1;Ddb1_1;1;Ddb1;Gcbox
NC_000085.6;TSS;11818849;-;1;Stx3_1;1;Stx3;Gcbox
NC_000085.6;TSS;16132880;+;1;Gnaq_1;1;Gnaq;Gcbox
NC_000085.6;TSS;17054453;+;1;Prune2_2;2;Prune2;Gcbox
NC_000085.6;TSS;17394113;+;1;Rfk_1;1;Rfk;Gcbox
NC_000085.6;TSS;23273848;-;1;Smc5_1;1;Smc5;Gcbox
NC_000085.6;TSS;23758801;+;1;Apba1_1;1;Apba1;Gcbox
NC_000085.6;TSS;37207471;-;1;Cpeb3_1;1;Cpeb3;Gcbox
NC_000085.6;TSS;42086357;-;1;Morn4_1;1;Morn4;Gcbox
NC_000085.6;TSS;42170589;+;1;Zfyve27_1;1;Zfyve27;Gcbox
NC_000085.6;TSS;44107433;-;1;Chuk_1;1;Chuk;Gcbox
NC_000085.6;TSS;44294088;+;1;Scd2_1;1;Scd2;Gcbox
NC_000085.6;TSS;44555426;-;1;Ndufb8_1;1;Ndufb8;Gcbox
NC_000085.6;TSS;44989293;+;1;Sema4g_1;1;Sema4g;Gcbox
NC_000085.6;TSS;45047858;+;1;Sfxn3_2;2;Sfxn3;Gcbox
NC_000085.6;TSS;45363823;+;1;Btrc_1;1;Btrc;Gcbox
NC_000085.6;TSS;45371724;+;1;Btrc_3;3;Btrc;Gcbox
NC_000085.6;TSS;46573111;-;1;Arl3_1;1;Arl3;Gcbox
NC_000085.6;TSS;47731781;+;1;Sfr1_1;1;Sfr1;Gcbox
NC_000085.6;TSS;53390600;-;1;Smndc1_1;1;Smndc1;Gcbox
NC_000085.6;TSS;53944627;-;1;Bbip1_2;2;Bbip1;Gcbox
NC_000085.6;TSS;60790658;-;1;Eif3a_1;1;Eif3a;Gcbox
NC_000086.7;TSS;7638684;+;1;Syp_1;1;Syp;Gcbox
NC_000086.7;TSS;7947797;-;1;Hdac6_1;1;Hdac6;Gcbox
NC_000086.7;TSS;10485155;+;1;Tspan7_1;1;Tspan7;Gcbox
NC_000086.7;TSS;12587801;+;1;Atp6ap2_1;1;Atp6ap2;Gcbox
NC_000086.7;TSS;13846548;-;1;Cask_1;1;Cask;Gcbox
NC_000086.7;TSS;20687982;+;1;Cdk16_2;2;Cdk16;Gcbox
NC_000086.7;TSS;23693092;+;1;Wdr44_1;1;Wdr44;Gcbox
NC_000086.7;TSS;36598206;+;1;Pgrmc1_1;1;Pgrmc1;Gcbox
NC_000086.7;TSS;36795651;+;1;Slc25a5_1;1;Slc25a5;Gcbox
NC_000086.7;TSS;36874358;+;1;Ube2a_1;1;Ube2a;Gcbox
NC_000086.7;TSS;37085185;-;1;Rpl39_1;1;Rpl39;Gcbox
NC_000086.7;TSS;38456420;-;1;Lamp2_1;1;Lamp2;Gcbox
NC_000086.7;TSS;41911895;-;1;Thoc2_1;1;Thoc2;Gcbox
NC_000086.7;TSS;44790161;-;1;Dcaf12l1_1;1;Dcaf12l1;Gcbox
NC_000086.7;TSS;47892481;-;1;Smarca1_1;1;Smarca1;Gcbox
NC_000086.7;TSS;48256897;+;1;Utp14a_1;1;Utp14a;Gcbox
NC_000086.7;TSS;52912311;+;1;Phf6_1;1;Phf6;Gcbox
NC_000086.7;TSS;56731787;+;1;Fhl1_1;1;Fhl1;Gcbox
NC_000086.7;TSS;56779710;+;1;Fhl1_2;2;Fhl1;Gcbox
NC_000086.7;TSS;57392981;-;1;Rbmx_1;1;Rbmx;Gcbox
NC_000086.7;TSS;70365074;-;1;Ids_1;1;Ids;Gcbox
NC_000086.7;TSS;73639429;+;1;Dusp9_1;1;Dusp9;Gcbox
NC_000086.7;TSS;73640123;+;1;Dusp9_2;2;Dusp9;Gcbox
NC_000086.7;TSS;73673167;+;1;Slc6a8_1;1;Slc6a8;Gcbox
NC_000086.7;TSS;73880790;-;1;L1cam_1;1;L1cam;Gcbox
NC_000086.7;TSS;74246412;-;1;Flna_1;1;Flna;Gcbox
NC_000086.7;TSS;74246545;-;1;Flna_2;2;Flna;Gcbox
NC_000086.7;TSS;74305256;+;1;Gdi1_1;1;Gdi1;Gcbox
NC_000086.7;TSS;81070694;+;1;Tmem47_1;1;Tmem47;Gcbox
NC_000086.7;TSS;82948870;+;1;Dmd_2;2;Dmd;Gcbox
NC_000086.7;TSS;85048322;+;1;Dmd_1;1;Dmd;Gcbox
NC_000086.7;TSS;94542023;-;1;Maged1_1;1;Maged1;Gcbox
NC_000086.7;TSS;96096042;+;1;Msn_1;1;Msn;Gcbox
NC_000086.7;TSS;101849360;+;1;Nhsl2_1;1;Nhsl2;Gcbox
NC_000086.7;TSS;102189323;-;1;Rps4x_1;1;Rps4x;Gcbox
NC_000086.7;TSS;102644198;-;1;Phka1_1;1;Phka1;Gcbox
NC_000086.7;TSS;103981266;-;1;Rlim_1;1;Rlim;Gcbox
NC_000086.7;TSS;105928577;-;1;Atrx_2;2;Atrx;Gcbox
NC_000086.7;TSS;105929350;-;1;Atrx_1;1;Atrx;Gcbox
NC_000086.7;TSS;106015743;+;1;Cox7b_1;1;Cox7b;Gcbox
NC_000086.7;TSS;134059194;+;1;Cstf2_1;1;Cstf2;Gcbox
NC_000086.7;TSS;134059339;+;1;Cstf2_2;2;Cstf2;Gcbox
NC_000086.7;TSS;134585686;+;1;Rpl36a_1;1;Rpl36a;Gcbox
NC_000086.7;TSS;135210653;-;1;Tceal6_1;1;Tceal6;Gcbox
NC_000086.7;TSS;135839105;+;1;Gprasp2_1;1;Gprasp2;Gcbox
NC_000086.7;TSS;136068125;-;1;Bex2_1;1;Bex2;Gcbox
NC_000086.7;TSS;136172178;-;1;Tceal8_1;1;Tceal8;Gcbox
NC_000086.7;TSS;136741278;-;1;Morf4l2_1;1;Morf4l2;Gcbox
NC_000086.7;TSS;143393885;-;1;Chrdl1_1;1;Chrdl1;Gcbox
NC_000086.7;TSS;143518547;+;1;Pak3_1;1;Pak3;Gcbox
NC_000086.7;TSS;150657399;-;1;Tro_1;1;Tro;Gcbox
NC_000086.7;TSS;150814289;-;1;Maged2_1;1;Maged2;Gcbox
NC_000086.7;TSS;151017261;-;1;Gnl3l_1;1;Gnl3l;Gcbox
NC_000086.7;TSS;152016473;+;1;Smc1a_1;1;Smc1a;Gcbox
NC_000086.7;TSS;152644140;-;1;Shroom2_2;2;Shroom2;Gcbox
NC_000086.7;TSS;153498212;+;1;Ubqln2_1;1;Ubqln2;Gcbox
NC_000086.7;TSS;155338443;-;1;Prdx4_1;1;Prdx4;Gcbox
NC_000086.7;TSS;162643651;-;1;Reps2_1;1;Reps2;Gcbox
NC_000086.7;TSS;162760402;+;1;Rbbp7_1;1;Rbbp7;Gcbox
NC_000087.7;TSS;1010595;+;1;Eif2s3y_1;1;Eif2s3y;Gcbox
NC_000087.7;TSS;90784531;+;1;Erdr1_1;1;Erdr1;Gcbox
